id,category,score,status,dealer,url,price_usd,condition,city_state,year,model,finish,serial,weight_lbs,nut_width_in,fret1_depth_in,fret12_depth_in,neck_profile,shoulder_description,fingerboard_radius,pickups,case_included,modifications,measurements_source,date_discovered,last_confirmed_active
g025,les_paul,96.6,EXCLUDED,Dave's Guitar Shop,https://davesguitar.com/products/les-paul-standard-35,1850,Used - Very Good,"La Crosse, WI",2012,Gibson Les Paul Standard,Pelham Blue,,8.8,1.6875,0.81,0.89,SlimTaper,,"12""","Gibson Lead Pro (bridge) / Rhy Pro (neck), push-pull coil tap and phase",True,None noted; a few dings on back of body,dealer measured,2026-07-19,2026-07-29
g037,les_paul,96.4,EXCLUDED,Chicago Music Exchange,https://chicagomusicexchange.com/products/gibson-les-paul-traditional-pro-v-blueberry-2023-2612994,1795,Used - Very Good (minimal wear),"Chicago, IL",2023,Gibson Les Paul Traditional Pro V,Blueberry Burst,207530141,8.81,1.6875,0.81,0.9,C profile (asymmetrical slim taper),,"12""","Original pickups (7.5k neck / 8.4k bridge) with coil splits, phase flips, internal DIP switch",True,None noted,dealer measured,2026-07-19,2026-07-29
g003,les_paul,95.4,SOLD,Reverb – Alex's Gear Emporium,https://reverb.com/item/98912082-gibson-custom-shop-60th-anniversary-1960-r0-les-paul-standard-reissue-lemon-burst-vos-v2-neck,5399,Excellent,"Kernersville, NC",2020,"Custom Shop 60th Anniversary 1960 Les Paul Standard Reissue (R0), V2 neck",Lemon Burst VOS,,8.31,,0.803,0.908,1960 V2 carve (slim taper),V2 slim carve — seller sold it precisely because it is thinner than his preference,,"Custombuckers (bridge 7.66K, neck 7K, all original)","Original case, 60th Anniversary COA, badge, all case candy",Knobs swapped to aged RS Guitarworks reflectors (originals included),dealer measured,2026-07-19,2026-08-04
g041,les_paul,94.6,EXCLUDED,Willcutt Guitars,https://willcuttguitars.com/products/gibson-les-paul-standard-60s-plain-top-ebony-top-135-lps6p00ennh1-215560135,2599,New,"Lexington, KY",,Gibson Les Paul Standard 60s Plain Top,Ebony Top,215560135,8.8,1.694,0.8,0.93,60s SlimTaper,SlimTaper; dealer-measured neck depth .80-.93 (12th slightly over .92 target),"12""",60s Burstbuckers (Alnico 5),Hardshell case included,,dealer measured,2026-07-19,2026-07-19
g004,les_paul,94.1,ACTIVE,Reverb – Righteous Guitars,https://reverb.com/item/75013356-gibson-les-paul-standard-1960-p-137-express-shipping-g-185-serial-r060012-plek-d,7200,Brand New,"Roswell, GA",,Custom Shop 1960 Les Paul Standard Reissue (Beauty of the Burst p.137 inspired),Sunburst over monster chevron flame maple,R0 60012,8.86,1.6875,0.82,0.92,"Slimmer-side 1960 carve, rolled fingerboard edges",Dealer calls carve 'on the slimmer side' with rolled board edges for comfort,"12""",Custombuckers,Hardshell case,None; PLEK'd by dealer,dealer measured,2026-07-19,2026-08-09
g011,es_335,93.8,SOLD,Reverb – Mike & Mike's Guitar Bar,https://reverb.com/item/96595265-1975-gibson-es-335-tdc-vintage-semi-hollow-guitar-cherry-figured-maple-w-t-tops-case,5199.99,Excellent (near-mint per seller),"Seattle, WA",1975,Gibson ES-335 TDC,Cherry (figured/curly maple body),,7.5,1.5625,0.805,0.95,Slender C (3-piece maple neck),"Seller describes 'Slender C' — slim, fast shoulders",,"Original T-Top humbuckers (neck 8.4k, bridge 7.1k)",Vintage non-original black tolex hardshell case,Replacement vintage-style pickup covers and reflector knobs; otherwise original (ABR-1 + trapeze),dealer measured,2026-07-19,2026-08-04
g120,les_paul,93.2,ACTIVE,Reverb – James's Shop (private seller),https://reverb.com/item/99672257-gibson-exclusive-les-paul-standard-60s-aaa-bourbon-burst-guitar-with-case,2075.0,"Excellent (near mint, minor handling marks)","Copiague, NY (Long Island; LOCAL SALE ONLY)",2022,"Gibson Les Paul Standard 60s Exclusive run, AAA Figured Top",Bourbon Burst (AAA ribbon flame),,8.4,1.695,,,60s SlimTaper (factory carve; per-unit depths not stated),"Slim taper 60s-style neck, described as fast/resonant","12""",490R/490T (seller-swapped; confirm whether original Burstbucker 61R/61T included),"OHSC with all case candy, tools, tags, documents",Tuners swapped to Kluson-style; pickups swapped BB61R/61T to 490R/490T,dealer measured,2026-07-24,2026-08-09
g038,les_paul,92.9,ACTIVE,Wildwood Guitars,https://wildwoodguitars.com/products/wildwood-spec-1960-les-paul-standard-gloss-72,7349,New,"Louisville, CO",,Gibson Custom Shop Wildwood Spec 1960 Les Paul Standard Reissue (Gloss),Beauty of the Burst Cover Burst,05183,8.5,1.687,0.83,0.9,1960 Wildwood Spec,"1960-style slim-medium carve, .830-.900 taper close to target","12""",Wildwood Spec Custombuckers (unpotted),Brown/Pink Lifton reissue hardshell,,dealer measured,2026-07-19,2026-08-09
g065,les_paul,92.9,ACTIVE,Empire Music,https://empiremusic.com/products/gibson-custom-shop-1960-les-paul-standard-reissue-vos-washed-cherry-sunburst-05456,6699,New (VOS),"Mt. Lebanon (Pittsburgh), PA",2026,Gibson Custom Shop 1960 Les Paul Standard Reissue VOS (R0),"Washed Cherry Sunburst, nitro VOS",05456,8.69,1.69,,,60s SlimTaper,Fast slim '60 carve (last-year-Burst profile),"12""","Custombucker Alnico 3, paper-in-oil caps, CTS pots",Brown/pink Lifton reissue case,None,dealer measured,2026-07-19,2026-08-09
g128,les_paul,92.9,ACTIVE,Reverb – Edmond Music,https://reverb.com/item/99732142-gibson-les-paul-standard-60s-cherry-sunburst,2799.99,Brand New,"Edmond, OK",2026,Gibson Les Paul Standard 60s (figured AA top),Cherry Sunburst,,8.6,1.695,,,SlimTaper,"Factory 60s SlimTaper, fast/slim shoulders","12""",Burstbucker 61R/61T (Alnico V),True,None (new stock),dealer measured,2026-07-26,2026-08-09
g326,les_paul,92.9,ACTIVE,Dave's Guitar Shop,https://reverb.com/item/99983109-gibson-custom-shop-1960-les-paul-standard-reissue-tangerine-burst,6699.0,Brand New,"La Crosse, WI",,Gibson Custom Shop 1960 Les Paul Standard Reissue (R0),Tangerine Burst VOS,,8.6,1.69,,,60s slim taper,,,Unpotted Custombucker Alnico III,Lifton hardshell case,none (new),,2026-08-04,2026-08-09
g032,les_paul,92.7,ACTIVE,Chicago Music Exchange,https://chicagomusicexchange.com/products/gibson-custom-60-les-paul-sunburst-2615495,4495,Used - Very Good,"Chicago, IL",,Gibson Custom Shop 1960 Les Paul Standard Reissue (R0),Sunburst (light factory aging),09558,8.75,1.6875,0.81,0.93,C profile (1960 slim),,"12""","Original Custom Shop humbuckers, neck 8.0k / bridge 7.9k",True,Strap buttons replaced,dealer measured,2026-07-19,2026-08-09
g005,les_paul,92.3,ACTIVE,Reverb – Mike & Mike's Guitar Bar,https://reverb.com/item/93609303-2015-gibson-custom-shop-true-historic-1960-les-paul-standard-r0-vintage-cherry-sunburst-mint-w-case-tags-coa,6499.99,Mint,"Seattle, WA",2015,Custom Shop True Historic 1960 Les Paul Standard (R0),Vintage Cherry Sunburst,"0 5-prefix (1960-style, 2015 build), inked",8.44,1.6875,0.805,0.94,1960 Slender C,"Slender C — slim at the first fret, fills out toward 12th (.94 slightly above target ceiling)",,"CustomBucker PAF x2 (Alnico III), 500k pots, Bumblebee caps","Original Lifton-style hardshell, COA, all hangtags","None; all original, mint",dealer measured,2026-07-19,2026-08-09
g044,les_paul,92.1,ACTIVE,Willcutt Guitars,https://willcuttguitars.com/products/gibson-les-paul-standard-60s-figured-top-unburst-089-lps600ubnh1-209960089,2799,New,"Lexington, KY",,Gibson Les Paul Standard 60s Figured Top,Unburst,209960089,9.02,1.69,0.8,0.91,60s SlimTaper,SlimTaper; dealer-measured .80-.91 squarely in target windows,"12""",Burstbucker 61R / 61T,Hardshell case included,,dealer measured,2026-07-19,2026-08-09
g040,les_paul,91.7,ACTIVE,Wildwood Guitars,https://wildwoodguitars.com/products/wwgb01237-2020-historic-60th-anniversary-1960-les-paul-standard-vos,5450,"Used (pre-owned, tagged Used by dealer)","Louisville, CO",2020,Gibson Custom Shop 60th Anniversary 1960 Les Paul Standard V2 Reissue VOS,Tomato Soup Burst,01237,8.98,1.687,0.79,0.92,1960 V2 Medium C / SlimTaper,V2 slim carve; .790/.920 lands exactly in the 0.79-0.82 / 0.89-0.92 target windows,"12""",2 Unpotted Alnico III Custombuckers,Gibson Custom hardshell ('Candy' case),,dealer measured,2026-07-19,2026-08-09
g042,les_paul,91.5,ACTIVE,Willcutt Guitars,https://willcuttguitars.com/products/gibson-custom-shop-1960-les-paul-standard-v2-neck-washed-cherry-sunburst-murphy-lab-light-aged-672,8199,New,"Lexington, KY",,"Gibson Custom Shop 1960 Les Paul Standard Reissue V2 Neck, Murphy Lab Light Aged",Washed Cherry Sunburst,01672,8.82,1.69,,,1960 V2 SlimTaper,Fast-playing slim '60 V2 carve per Gibson spec; individual depths not published,"12""",Custombucker Alnico 3 (unpotted),Brown/Pink Lifton reissue hardshell,,dealer measured,2026-07-19,2026-08-09
g338,les_paul,91.3,ACTIVE,Tone House,https://reverb.com/item/100150178-2022-gibson-les-paul-standard-60s-bourbon-burst-usa-w-case-mint-w-extras,2399.99,Excellent (described as mint),"West Babylon, NY",2022,Gibson Les Paul Standard '60s (AA figured top),Bourbon Burst,,8.88,1.695,,,SlimTaper '60s,,,Gibson 60s Burstbuckers,Gibson hardshell case + strap + Sweetwater inspection cards + model card,"none - Plek'd from factory, professionally set up",,2026-08-09,2026-08-09
g043,les_paul,91.2,ACTIVE,Willcutt Guitars,https://willcuttguitars.com/products/gibson-59-les-paul-standard-slow-iced-tea-fade-vos-nh-024-lpr59psl21172-943024,6699,New,"Lexington, KY",,Gibson Custom Shop 1959 Les Paul Standard Reissue VOS,Slow Iced Tea Fade,943024,8.67,1.69,,,Authentic '59 Medium C-Shape,"Fuller '59 shoulders, not SlimTaper - reported as close-match on weight/finish","12""",Custombucker Alnico 3 (unpotted),Custom Shop hardshell,,dealer measured,2026-07-19,2026-08-09
g231,les_paul,91.1,ACTIVE,Fuller's Guitar,https://reverb.com/item/91367566-gibson-murphy-lab-59-les-paul-standard-tomato-soup-burst-heavy-aged-fuller-s-exclusive,9199.0,Brand New,,,Murphy Lab '59 Les Paul Standard Tomato Soup Burst Heavy Aged...,Tomato Soup Burst,922055,8.75,1.69,,,Medium C,,,Custombucker,True,,,2026-07-30,2026-08-09
g242,les_paul,91.1,ACTIVE,Fuller's Guitar,https://reverb.com/item/88430527-gibson-murphy-lab-59-les-paul-standard-tomato-soup-burst-heavy-aged-fuller-s-exclusive,9199.0,Brand New,,,Murphy Lab '59 Les Paul Standard Tomato Soup Burst Heavy Aged...,Tomato Soup Burst,93138,8.375,1.69,,,Medium C,,,Custombucker,True,,,2026-07-30,2026-08-09
g244,les_paul,91.1,ACTIVE,Fuller's Guitar,https://reverb.com/item/88277742-gibson-murphy-lab-59-les-paul-standard-tomato-soup-burst-heavy-aged-fuller-s-exclusive,9199.0,Brand New,,,Murphy Lab '59 Les Paul Standard Tomato Soup Burst Heavy Aged...,Tomato Soup Burst,922078,8.5,1.69,,,Medium C,,,Custombucker,True,,,2026-07-30,2026-08-09
g068,es_335,91.0,ACTIVE,Reverb – The Music Emporium,https://reverb.com/item/98285616-gibson-es-335td-cherry-sunburst-1972,5000,Very Good,"Lexington, MA",1972,Gibson ES-335TD,Cherry Sunburst (heavily faded to iced-tea),745730,7.875,1.5625,0.8,0.95,Slim Taper C,,"12""",Original Pat # T-Tops,Original hardshell case,"None - all original throughout, original nut",dealer measured,2026-07-19,2026-08-09
g092,les_paul,90.8,ACTIVE,Reverb – Tone Shop Guitars,https://reverb.com/item/96489873-gibson-custom-1960-les-paul-standard-reissue-vos-iced-tea-burst-w-case-05391,6699,Brand New,"Addison, TX",2025,Gibson Custom Shop 1960 Les Paul Standard Reissue VOS (R0),Iced Tea Burst VOS,05391,8.31,1.687,,,60s SlimTaper,Fast-playing slim 1960 carve per dealer,"12""","Custombucker Alnico III unpotted, hand-wired harness with Bumblebee caps",Gibson Custom Shop hardshell case + COA,None (new),dealer measured,2026-07-21,2026-08-09
g002,les_paul,90.7,ACTIVE,Reverb – Cliff's Guitar World,https://reverb.com/item/97541902-1997-gibson-historic-les-paul-1960-re-issue-r0,7500,Excellent,"Bremerton, WA",1997,Gibson Historic 1960 Les Paul Reissue (R0),"Heritage Cherry Sunburst (nitro), AAAAA soft maple top",,8.5,1.6875,0.81,0.87,"1960 SlimTaper, shallow C",Shallow 'C' shape slim taper — thinnest 12th-fret depth in this group (.87),"12""",Gibson '57 Classic humbuckers,Early Gibson Custom Shop black hardshell case,None stated; all appears original,dealer measured,2026-07-19,2026-08-09
g129,les_paul,90.6,ACTIVE,Reverb – EGA Guitars,https://reverb.com/item/99677051-gibson-limited-edition-les-paul-standard-60s-triburst,2349.99,Used - Excellent,"St Paul, TX",2023,Gibson Les Paul Standard 60s Limited Edition (figured AA top),Triburst,,8.9,1.69,,,SlimTaper,"Factory 60s SlimTaper, fast/slim shoulders","12""","Custom BurstBucker set, handwired with Orange Drop caps",True,None noted; fresh setup by shop,dealer measured,2026-07-26,2026-08-09
g079,les_paul,89.8,ACTIVE,Reverb – Wildwood Guitars,https://reverb.com/item/92670044-gibson-custom-shop-wildwood-spec-1960-les-paul-standard-gloss,7349,Brand New,"Louisville, CO",2025,Gibson Custom Shop Wildwood Spec 1960 Les Paul Standard (Gloss),Bourbon Burst,Wildwood SKU 05463,8.41,1.687,0.82,0.95,1960 Slim Taper C (V2),Slim-but-not-thin 1960 SlimTaper C carve,"12""",Wildwood Spec Custombuckers (unpotted),Brown/pink Lifton reissue case with Wildwood Spec badge + COA,"None (new, factory original)",dealer measured,2026-07-20,2026-08-09
g299,les_paul,89.6,SOLD,Santas Fancy Guitars (Reverb),https://reverb.com/item/99906507-8-5-lb-gibson-custom-shop-60-les-paul-60th-anniversary-2020-lemon-orange-fade-vos-_-v2_-r0-60-historic-reissue,4895,"Very Good (a couple of bumps noted, 100% factory original)",,2020,Gibson Custom Shop 60th Anniversary 1960 Les Paul Standard Reissue (R0) V2,Lemon Orange Fade VOS,,8.5,,0.81,0.93,V2 '60 slim C (between chunky '59 and ultra-slim taper; buyer's top carve is V3 Skinny C — this is one step chunkier),,,"Custombuckers, original",True,None; all paperwork included; ships in a black 2000s Custom Shop case (not the anniversary case),,2026-07-31,2026-07-31
g069,es_335,89.4,ACTIVE,Reverb – Guitar Maniacs,https://reverb.com/item/99233772-1974-gibson-es-335tdc-cherry,5995,Very Good,"Tacoma, WA",1974,Gibson ES-335TDC,Cherry,,7.56,1.5625,0.8,0.97,Medium slim-taper C,,"12""",Original patent-sticker humbuckers,Original hardshell case,None known - all original per seller,dealer measured,2026-07-19,2026-08-09
g024,les_paul,89.2,ACTIVE,Dave's Guitar Shop,https://davesguitar.com/products/1960-les-paul-standard-reissue-washed-cherry-sunburst-3,6699,New,"La Crosse, WI",,Gibson Custom Shop 1960 Les Paul Standard Reissue (R0),Washed Cherry Sunburst (VOS),,8.6,1.69,0.83,0.94,60s SlimTaper,,"12""",Unpotted Custombucker Alnico III (neck & bridge),True,,dealer measured,2026-07-19,2026-08-09
g330,les_paul,89.2,ACTIVE,Wildwood Guitars,https://reverb.com/item/100238805-gibson-custom-shop-wildwood-spec-1960-les-paul-standard-gloss,7349.0,Brand New,"Louisville, CO",,Gibson Custom Shop Wildwood Spec 1960 Les Paul Standard - Gloss,Slow Iced Tea Fade,,8.83,1.687,0.82,0.95,"1960 Slim Taper C, V2",,,Wildwood Spec Custombuckers,Brown/Pink Lifton Reissue with Wildwood Spec badge,none (new),,2026-08-09,2026-08-09
g339,les_paul,89.0,ACTIVE,DIABLO GUITARS - AXES OF EVIL!,https://reverb.com/item/94339212-gibson-mod-collection-les-paul-standard-60s-flame-maple-top-dark-ruby-2024-w-ohsc,2999.99,Very Good,"Renton, WA",2024,"Gibson Mod Collection Les Paul Standard '60s, Flame Maple Top",Dark Ruby,220540214,8.75,1.71,0.817,0.933,Slim Taper,,,Gibson Rhythm 61 (neck) / Lead 61 (bridge),Original hardshell case + COA + original case candy,"none by owner; wear: headstock clip-on tuner indentations, tuner plating wear, belt rash, finish splits under hardware screws",,2026-08-09,2026-08-09
g055,les_paul,88.9,ACTIVE,Carter Vintage Guitars,https://cartervintage.com/shop/gibson-custom-chicago-music-exchange-spec-60-les-paul-standard-2021-cherry-sunburst/2rfhR5XzFNPHKwyTVhGzy5qmEMn,4950,Used - very good; professionally repaired headstock crack,"Nashville, TN",2021,Gibson Custom Shop CME-Spec '60 Les Paul Standard,Cherry Sunburst,,8.4,1.682,0.843,0.907,C (60-spec),Slimmer 1960-spec carve with shallow 12th-fret taper (0.907),"12""",Original Gibson Custom humbuckers (7.2k / 7.1k),OHSC,Headstock crack repair (professional),dealer measured,2026-07-19,2026-08-09
g001,les_paul,88.6,SOLD,Reverb – Vintage Voltage Guitars,https://reverb.com/item/99179073-2007-gibson-custom-shop-r0-1960-les-paul-standard-reissue-faded-lemon-burst-flame-top-with-custombuckers,4159.59,Very Good,"Duluth, GA",2007,Custom Shop 1960 Les Paul Standard Reissue (R0),Faded Lemon Burst (aged to honey-gold),,8.63,,0.83,0.91,1960 slim R0 profile,"Dealer: 'not too thin, perfect slim profile R0 neck' — fast and comfortable","12""",2022 Gibson Custom Shop Custombuckers (originals not mentioned as included),Original 2007 Gibson Lifton Custom Shop hardshell case + original parts,"Custombucker pickups, Historic butyrate rings/knobs/pickguard, Faber ABR-1, Historic aluminum tailpiece, Luxe Bumblebee caps, Kluson Historic tuners, hand-aged nickel hardware",dealer measured,2026-07-19,2026-07-20
g246,les_paul,88.4,ACTIVE,Fuller's Guitar,https://reverb.com/item/87824154-gibson-murphy-lab-59-les-paul-standard-tomato-soup-burst-heavy-aged-fuller-s-exclusive,9199.0,Brand New,,,Murphy Lab '59 Les Paul Standard Tomato Soup Burst Heavy Aged...,Tomato Soup Burst,922463,8.938,1.69,,,Medium C,,,Custombucker,True,,,2026-07-30,2026-08-09
g248,les_paul,88.4,ACTIVE,Fuller's Guitar,https://reverb.com/item/87540208-gibson-murphy-lab-59-les-paul-standard-tomato-soup-burst-heavy-aged-fuller-s-exclusive,9199.0,Brand New,,,Murphy Lab '59 Les Paul Standard Tomato Soup Burst Heavy Aged...,Tomato Soup Burst,922160,8.938,1.69,,,Medium C,,,Custombucker,True,,,2026-07-30,2026-08-09
g137,les_paul,87.7,PRICE DROP,Reverb – ARACOM Guitars & Amplifiers,https://reverb.com/item/99812797-gibson-les-paul-1960-r0-custom-shop-2010-8-25-lbs-historic-reissue,4960.0,"Excellent (sold as-is, no returns)","Morgan Hill, CA",2010,"Gibson Custom Shop 1960 Les Paul Standard Reissue (R0), VOS",Flame maple sunburst (VOS),,8.24,1.69,0.83,0.94,1960 (seller believes V2 medium),"Not too thick, not too thin per seller","12""","Burstbucker 1 & 2, CTS pots, Switchcraft toggle",Original Gibson hardshell + COA + literature,Russian PIO capacitors added,dealer measured,2026-07-29,2026-08-09
g039,les_paul,87.5,ACTIVE,Wildwood Guitars,https://wildwoodguitars.com/products/gibson-custom-shop-1960-les-paul-standard,7349,New,"Louisville, CO",,Gibson Custom Shop Wildwood Spec 1960 Les Paul Standard Reissue (VOS),Slow Iced Tea Fade,05546,8.58,1.687,0.84,0.93,1960 Wildwood Spec,"1960-style carve, slightly fuller than target (.840/.930)","12""",Wildwood Spec Custombuckers (unpotted),Brown/Pink Lifton reissue hardshell,,dealer measured,2026-07-19,2026-08-09
g316,les_paul,87.5,ACTIVE,Reverb private seller (bobs-boutique-421),https://reverb.com/item/100067356-gibson-custom-shop-wildwood-spec-60-les-paul-standard-v2-neck-murphy-painted-tom-s-tea-gloss-nh-81-91-8-38lbs,7800,Excellent (near mint),,2022,"Gibson Custom Shop Wildwood Spec 1960 Les Paul Standard (Murphy Painted, Gloss, NH)",Tom's Tea,,8.38,,0.81,0.91,Wildwood V2,,,"Wildwood Spec (stock, unspecified in listing)",,None stated,,2026-08-04,2026-08-09
g094,les_paul,87.2,SOLD,Reverb – Dwight's Gear Outlet (private seller),https://reverb.com/item/94872909-gibson-custom-shop-wildwood-spec-1960-les-paul-standard,4799,"Excellent (basically mint, second owner via Carter Vintage)","Louisville, KY",2022,Gibson Custom Shop Wildwood Spec 1960 Les Paul Standard,Kindred Burst (gloss),,8.31,1.687,0.83,0.95,1960 Slim Taper C V2,V2 slim C - between '59 and ultra-slim '60 per Wildwood spec copy,"12""","Wildwood Spec Custombuckers, CTS 500K pots, paper-in-oil caps",Brown/Pink Lifton Reissue case with Wildwood Spec badge,None noted,dealer measured,2026-07-21,2026-07-30
g008,les_paul,87.2,ACTIVE,Reverb – Guitar Riot,https://reverb.com/item/94883487-gibson-custom-shop-1960-les-paul-standard-reissue-vos-tangerine-burst-05278-2025,5399,Excellent,"Cleveland, OH",2025,Custom Shop 1960 Les Paul Standard Reissue VOS,Tangerine Burst,0 5278,8.25,1.687,0.83,0.94,60s SlimTaper,SlimTaper with a bit more meat than spec at both stations (.83/.94),"12""",Custombuckers (stock),Yes (Custom Shop case),None stated,dealer measured,2026-07-19,2026-08-09
g054,les_paul,87.2,ACTIVE,Carter Vintage Guitars,https://cartervintage.com/shop/gibson-60-les-paul-standard-reissue-vos-2025-washed-cherry-sunburst/31bvJ1wYn0hUTJMrjtHyiUe1Qal,5975.0,New (VOS),"Nashville, TN",2025,Gibson Custom Shop 1960 Les Paul Standard Reissue VOS,Washed Cherry Sunburst,,8.2,1.687,0.816,0.954,60s SlimTaper,"Fast-playing slim 1960 carve, 1-piece lightweight mahogany body with hide-glue fit","12""",Custombucker Alnico III unpotted (7.9k neck / 7.9k bridge),Brown/Pink Lifton Reissue 5-latch case,None (new),dealer measured,2026-07-19,2026-08-09
g076,es_335,86.9,ACTIVE,Reverb – Imperial Vintage Guitars,https://reverb.com/item/94378831-1972-gibson-es-335td-walnut-finish-w-ohsc,5995,Excellent,"Sherman Oaks, CA",1972,Gibson ES-335TD,Walnut,,7.56,1.5625,0.77,1.0,Slim mahogany neck,,,"Original Pat No. T-Top humbuckers, original electronics",Original hardshell case,"Reproduction tuners, custom half-brass nut, Gibson replacement harmonica bridge (original TOM included), small hairline fracture on back, engraved truss rod cover",dealer measured,2026-07-19,2026-08-09
g078,es_335,86.5,ACTIVE,Reverb – Lovies Guitars,https://reverb.com/item/99414319,2895,"Excellent - 'exceptionally clean', all original","Thousand Oaks, CA",2025,"Gibson ES-335 (Block inlay, Gibson USA)",Sunburst Gloss,215550086,7.6,1.6875,0.78,0.92,Rounded C (this example measures slim: .780 first fret),"Slim end of Gibson USA Rounded C - .780/.920 taper, genuinely fast for a modern 335",,Calibrated T-Type humbuckers,Original Gibson hardshell case,None - all original,dealer measured,2026-07-20,2026-08-09
g095,es_335,86.0,ACTIVE,Reverb – Diablo Guitars,https://reverb.com/item/98428382-gibson-es-335td-sunburst-1974-w-ohsc,5499.99,"Good (player-grade: finish checking, wear-through on neck/headstock, dings)","Renton, WA",1974,Gibson ES-335TD,Sunburst,182568,7.375,1.572,0.771,0.986,Slim Taper,Slim taper per dealer spec sheet; 1st-fret .771 squarely in target slim range,"12""","Original Gibson Patent Number humbuckers (T-Top era), neck 7.89k / bridge 7.37k; CTS pots dated 1973",Original purple-interior hardshell case (replaced handle),"Refret (22 medium jumbo), new bone nut, converted from vibrato to Faber ABR-1 + stop tail, aftermarket strap buttons",dealer measured,2026-07-21,2026-08-09
g066,les_paul,85.9,ACTIVE,Empire Music,https://empiremusic.com/products/gibson-custom-shop-1959-les-paul-standard-murphy-lab-ultra-light-aged-sunrise-teaburst-61132,7199,New (Murphy Lab Ultra Light Aged),"Mt. Lebanon (Pittsburgh), PA",2026,Gibson Custom Shop 1959 Les Paul Standard Reissue Murphy Lab ULA (R9),"Sunrise Teaburst, Murphy Lab aged nitro",961132,8.63,1.69,,,'50s Rounded Medium C,Rounded medium C - fuller than the SlimTaper target,"12""","Custombucker Alnico 3, paper-in-oil caps",Case + COA (Custom Shop accessories),None,dealer measured,2026-07-19,2026-08-09
g247,les_paul,85.7,ACTIVE,Electric Ice Cream,https://reverb.com/item/87804027-gibson-custom-shop-60th-anniversary-60-les-paul-standard-reissue-v2-2020-orange-lemon-fade,6200.0,Mint,,2020,Custom Shop 60th Anniversary '60 Les Paul Standard Reissue V2,Orange Lemon Fade,,8.562,1.69,,,V1,,,Custombucker,True,,,2026-07-30,2026-08-09
g010,les_paul,85.3,SOLD,Reverb – Imperial Vintage Guitars,https://reverb.com/item/98820777-8-5-lbs-1989-gibson-les-paul-standard-2-piece-flame-top-cherry-sunburst-w-ohsc,4895,Excellent,"Burbank, CA (San Diego brick-and-mortar)",1989,"Les Paul Standard ('Good Wood era'), rare 2-piece flame top",Cherry Sunburst,,8.5,1.68,0.82,0.96,"Late-80s Standard carve, slim at the nut",Slim first-position feel (.82) but substantial 12th-fret depth (.96),,"Currently Sayoko Kuwabara custom-wound double-cream PAF set (A2 neck/A5 bridge, unpotted); original HB-R/HB-L included, dealer will reinstall on request",Original Gibson 'chainsaw' case and paperwork,"Pickups, TonePros bridge/tailpiece (originals included), 2 newer CTS volume pots",dealer measured,2026-07-19,2026-08-04
g009,les_paul,84.9,ACTIVE,Reverb – Wildwood Guitars,https://reverb.com/item/97840293-gibson-custom-shop-wildwood-spec-1960-les-paul-standard-ultra-light-aged,7899,Brand New,"Louisville, CO",,"Custom Shop Murphy Lab Wildwood Spec 1960 Les Paul Standard, Ultra Light Aged",Vintage Cherry Sunburst (Murphy Lab ULA),,8.17,1.687,0.83,0.94,1960 SlimTaper C V2,"Wildwood-spec V2 SlimTaper C, .830-.940","12""",2 Wildwood Spec Custombuckers,"Yes (Custom Shop case, standard for Wildwood Spec)",None; new,dealer measured,2026-07-19,2026-08-09
g014,es_335,84.5,EXCLUDED,Reverb – In Bloom Guitars,https://reverb.com/item/98163808-1973-gibson-es-335-custom-colour-factory-black-w-bigsby-mod-t-tops-ohsc-rare,6535.1,Excellent,"Leeds, United Kingdom",1973,Gibson ES-335 (custom colour),Factory Black,,7.8,1.5625,0.83,0.978,Substantial yet very playable (seller's words),Fuller than slim-C ideal — .830 in at 1st fret,,"Original T-Top Patent No. humbuckers, untouched wiring harness",Original hardshell case (original trapeze tailpiece included),"Bigsby added (mod), professional refret",dealer measured,2026-07-19,2026-07-19
g080,les_paul,84.4,ACTIVE,Reverb – Wildwood Guitars,https://reverb.com/item/92356486-gibson-custom-shop-wildwood-spec-1960-les-paul-standard-gloss,7349,Brand New,"Louisville, CO",2025,Gibson Custom Shop Wildwood Spec 1960 Les Paul Standard (Gloss),Slow Iced Tea Fade,Wildwood SKU 05302,8.72,1.687,0.83,0.96,1960 Slim Taper V2,"1960 SlimTaper V2 carve, marginally fuller than target at .830 1st fret","12""",Wildwood Spec Custombuckers (unpotted),Brown/pink Lifton reissue case with Wildwood Spec badge + COA,"None (new, factory original)",dealer measured,2026-07-20,2026-08-09
g300,les_paul,84.4,ACTIVE,Dave's Guitar Shop,https://reverb.com/item/99870650-gibson-custom-shop-1960-les-paul-standard-reissue-tangerine-burst,6699,Brand New,"La Crosse, WI",2026,Gibson Custom Shop 1960 Les Paul Standard Reissue VOS,Tangerine Burst,,8.4,1.69,0.83,0.96,60s Slim Taper,,,Unpotted Custombucker Alnico III bridge and neck,True,None - brand new,,2026-07-31,2026-08-09
g102,les_paul,84.2,ACTIVE,Empire Music,https://empiremusic.com/products/gibson-custom-shop-1959-les-paul-standard-reissue-vos-iced-tea-burst-61102,6699,New,"Mt. Lebanon, PA",2026,Gibson Custom Shop 1959 Les Paul Standard Reissue VOS (R9),Iced Tea Burst,961102,8.63,1.69,,,50s Rounded Medium C,Full late-50s rounded C - NOT the slim target carve; included for target finish + ideal weight,"12""","Custombucker Alnico 3, CTS 500K pots, paper-in-oil caps",Brown/pink reissue 5-latch case + COA,None - new with pro setup,dealer measured,2026-07-22,2026-08-09
g115,les_paul,84.2,ACTIVE,Reverb – Miami-Guitars (authorized Gibson dealer),https://reverb.com/item/99496434,6699,Brand New,"Miami, FL",2026,Gibson Custom Shop 1959 Les Paul Standard Reissue VOS,Dirty Lemon Burst,961048,8.36,1.69,,,'50s rounded medium C (factory),'59 rounded shoulders - off target slim window,"12""",Custombucker Alnico 3,True,None - new with warranty and COA,dealer measured,2026-07-23,2026-08-09
g070,es_335,84.1,ACTIVE,Reverb – Gary's Gear Locker (private seller),https://reverb.com/item/94790595-gibson-es-335td-1971-cherry-all-original,5499,Excellent,"Brentwood, TN",1971,Gibson ES-335TD,Cherry,,7.56,1.5625,,,Narrow-nut era neck with volute,,,"Original Pat # sticker humbuckers (neck 8.0k, bridge 7.58k)",Period-correct hardshell case (possibly original),"None - all original; one ding, micro-checking",dealer measured,2026-07-19,2026-08-09
g103,les_paul,84.1,ACTIVE,Empire Music,https://empiremusic.com/products/gibson-custom-shop-1959-les-paul-standard-murphy-lab-heavy-aged-slow-iced-tea-fade-60051,9199,New,"Mt. Lebanon, PA",2026,Gibson Custom Shop 1959 Les Paul Standard Murphy Lab Heavy Aged (R9),Slow Iced Tea Fade,960051,8.38,1.69,,,50s Rounded Medium C,Full late-50s rounded C - NOT the slim target carve; included for target finish + in-range weight,"12""","Custombucker Alnico 3, CTS 500K pots, paper-in-oil caps",Aged brown/pink Lifton case + COA + CS medallion,None - factory Murphy Lab heavy aging,dealer measured,2026-07-22,2026-08-09
g012,es_335,83.9,SOLD,Reverb – Chicago Music Exchange,https://reverb.com/item/99405084-gibson-es-335-cherry-1974,5900.0,Good,"Chicago, IL",1974,Gibson ES-335,Cherry (original finish),122422,7.25,1.5625,0.76,0.97,C profile,Slim C per CME tech measurements (.76 in 1st fret),10 in (as measured by CME),"Original patent-number-sticker humbuckers (neck 7.3k, bridge 7.5k); pots date to 1974",Original hardshell case,None noted; original hardware,dealer measured,2026-07-19,2026-07-22
g053,les_paul,83.5,ACTIVE,Carter Vintage Guitars,https://cartervintage.com/shop/gibson-custom-60-les-paul-standard-murphy-lab-heavy-aged-2025-iced-tea-burst/36IRXRf3Ct5FwiD2GGb3lC2ebQG,8000.0,New (Murphy Lab Heavy Aged),"Nashville, TN",2025,Gibson Custom Shop 1960 Les Paul Standard Reissue Murphy Lab Heavy Aged,Iced Tea Burst,,8.6,1.69,0.85,0.95,60s SlimTaper,"Slim 1960-style carve, hide-glue long-tenon neck","12""","Unpotted Custombucker Alnico 3 (7.7k neck / 7.7k bridge), CTS 500K pots, paper-in-oil caps",OHSC and COA,None (new),dealer measured,2026-07-19,2026-08-09
g282,es_335,83.5,ACTIVE,TheGuitarBuyer,https://reverb.com/item/94457520-2020-gibson-custom-shop-61-es-335-reissue-ebony-vos-finish-coa-included-301,4800.0,Very Good,"Dayton, OH",2020,Custom Shop '61 ES-335 Reissue VOS,VOS Ebony,,7.625,1.68,0.81,0.92,'61 slim,,,Custombucker,Gibson brown case + COA + candy,,,2026-07-30,2026-08-09
g072,es_335,83.4,ACTIVE,Mike & Mike's Guitar Bar,https://reverb.com/item/93473088-1969-gibson-es-335-tdc-vintage-guitar-cherry-stoptail-conversion-w-pat-t-tops-case,8499.99,Excellent,"Seattle, WA",1969,Gibson ES-335TDC,Cherry,,7.875,1.5625,0.795,0.955,"Slender C, 3-piece mahogany, medium volute",,,"Original Pat # T-Top humbuckers (neck 7.55k, bridge 7.65k)",Original black tolex hardshell case,"Stopbar tailpiece conversion (trapeze holes doweled), modern vintage-spec Kluson tuners, frets leveled/crowned",dealer measured,2026-07-19,2026-08-09
g071,es_335,82.8,EXCLUDED,Reverb – Thunder Road Guitars PDX,https://reverb.com/item/95830562-1967-gibson-es-335-cherry-all-original-guitar-097033,10999,Excellent,"Portland, OR",1967,Gibson ES-335TD,Cherry,097033,7.69,1.5625,0.82,1.03,"Mahogany neck, thin 60s carve",,"12""","2 Patent # decal humbuckers, CTS pots dated 1966",Newer non-original hardshell case,"None - all original (trapeze, ABR-1 with nylon saddles)",dealer measured,2026-07-19,2026-07-19
g278,es_335,82.7,ACTIVE,Imperial Vintage Guitars,https://reverb.com/item/97924994-2022-gibson-custom-61-es-335tdc-dot-reissue-cherry-w-ohsc,4595.0,Very Good,"Burbank, CA",2022,Custom Shop '61 ES-335TDC Dot Reissue,,,7.25,1.65,0.76,0.9,'61 slim (per measurements),,,Gibson humbuckers (Custombuckers stock on '61 RI),Original hardshell case + COA,Updated stop-tailpiece and studs; two felt marks from removed Bigsby,,2026-07-30,2026-08-09
g343,es_335,82.5,ACTIVE,Reverb – Bill's Music,https://reverb.com/item/82709980-vintage-gibson-es-335td-electric-guitar-cherry-w-case,5999.99,Good - many dings and scratches throughout; frets in very good condition for age; set up and ready to play,"Catonsville, MD",,"Gibson ES-335TD (seller: ""vintage 70's"", possibly early 1970s)",Cherry,113361,7.40625,1.563,,,not stated,,,not stated - ask seller (an early-'70s example should carry T-Tops),True,None stated,,2026-08-09,2026-08-09
g045,es_335,82.3,ACTIVE,Wildwood Guitars,https://wildwoodguitars.com/products/gibson-wildwood-spec-1961-es-335-reissue-3,6999,New,"Louisville, CO",,Gibson Custom Shop Wildwood Spec 1961 ES-335 Reissue (Gloss),Viking Red,140659,7.55,1.6875,0.81,0.92,'61 slim C (Wildwood Spec),"Slim '61 carve, .810/.920 - right in target depth windows","12""",2 Wildwood Spec Custombuckers,Gibson hardshell,,dealer measured,2026-07-19,2026-08-09
g047,es_335,82.3,ACTIVE,Wildwood Guitars,https://wildwoodguitars.com/products/wildwood-spec-1961-es-335-figured-gloss,7249,New,"Louisville, CO",,Gibson Custom Shop Wildwood Spec 1961 ES-335 Figured Reissue (Gloss),Vintage Natural,140233,7.66,1.6875,0.82,0.92,'61 slim C (Wildwood Spec),"Slim '61 carve, .820/.920 in target windows","12""",2 Wildwood Spec Custombuckers,Gibson hardshell,,dealer measured,2026-07-19,2026-08-09
g060,es_335,82.3,SOLD,Rudy's Music,https://rudysmusic.com/products/gibson-1972-es-335td-walnut-727445,6795,"Excellent vintage (one single-layer laminate crack by controls, professionally assessed)","New York, NY (SoHo)",1972,Gibson ES-335TD (Norlin),Walnut,727445,7.9,1.5625,0.747,,"C - .747 at 1st, .912 at 9th (12th not measured)",Very thin early-70s C; slimmest 1st-fret depth in the database,,Original patent-sticker T-Tops,Original hardshell case,"Refret, replaced nut, replaced tuners, one pickup-ring screw replaced",dealer measured,2026-07-19,2026-07-31
g127,les_paul,82.0,ACTIVE,Reverb – Tone House Studios,https://reverb.com/item/97882713-1978-greco-eg-500-les-paul-standard-electric-guitar-sunburst-made-in-japan,799.99,"Very Good (professionally repaired body-wood separation, bass-side contour)","West Babylon, NY (Long Island)",1978,"Greco EG-500 Les Paul Standard (FujiGen lawsuit-era, mid tier)",Sunburst,B788153,9.0,1.72,0.82,0.95,Comfortable medium profile; .820 first fret slim-leaning,,"10""",Stock Greco humbuckers (presumed),Not stated - confirm,None stated (body separation repair disclosed),dealer measured,2026-07-25,2026-08-09
g107,es_335,81.6,ACTIVE,Reverb – Retrofret Vintage Guitars,https://reverb.com/item/94784768-gibson-es-335td-semi-hollow-body-electric-guitar-1972-ser-745798-original-black-hard-shell-case,4950,Excellent,"Brooklyn, NY",1972,Gibson ES-335TD,"Cherry Sunburst (lacquer, slight flame)",745798,,1.5625,,,3-piece mahogany Norlin neck with volute; late-60s feel per dealer,,,"Original T-top patent-number humbuckers (covers removed, coils taped)",Original black hardshell case,Pickup covers removed; aftermarket Tune-O-Matic; pickguard bracket missing outer nut; frets crowned once,dealer measured,2026-07-22,2026-08-09
g063,es_335,81.4,ACTIVE,Rainbow Guitars,https://www.rainbowguitars.com/guitar/gibson/memphis-figured-es-335-aquamarine-2018/gb12367719/us,3299,"Pre-owned, Excellent","Tucson, AZ",2018,Gibson Memphis Figured ES-335 (final year of Memphis factory),"Aquamarine VOS nitro, AAA flame maple top/back",12367719,7.94,,0.83,0.94,"Medium C, quarter-sawn mahogany, rolled binding",Comfortable medium C,"12""","Gibson MHS (Memphis Historic Spec) humbuckers, underwound","Original Gibson brown hardshell case, COA, paperwork, strap, cloth",None noted (all original),dealer measured,2026-07-19,2026-08-09
g312,es_335,81.4,ACTIVE,Rainbow Guitars,https://reverb.com/item/99402750-gibson-memphis-figured-es-335-aquamarine-2018,3299,Excellent,"Tucson, AZ",2018,Memphis Figured ES-335,Aquamarine,,7.9375,,0.83,0.94,"Medium C, rolled binding",,,Gibson MHS humbuckers (stock),Original Gibson brown hardshell,none noted,,2026-08-01,2026-08-09
g106,es_335,80.9,ACTIVE,Reverb – Great Instruments,https://reverb.com/item/94065787-gibson-murphy-lab-1961-es-335-ultra-light-aged,6800,Excellent,"Syracuse, NY",2024,"Gibson Custom Shop Murphy Lab 1961 ES-335 Reissue, Ultra Light Aged",Sixties Cherry,,7.82,1.687,0.81,0.92,Authentic '61 Skinny C (SlimTaper scanned from originals),"Skinny C - minimal shoulders, target reissue profile","12""",2x unpotted Alnico III Custombuckers,Gibson Custom Shop black hardshell + COA,None stated,dealer measured,2026-07-22,2026-08-09
g280,es_335,80.8,ACTIVE,G-Brat's Guitars,https://reverb.com/item/95569647-2023-gibson-es-335-custom-shop-61-reissue-murphy-lab-heavy-aged-60-s-cherry,7499.0,Excellent,"Ovilla, TX",2023,Custom Shop '61 ES-335 Reissue Murphy Lab Heavy Aged,60's Cherry,,7.4,,0.846,0.91,Slim '61,,,Custombucker Alnico III,Hardshell case,,,2026-07-30,2026-08-09
g308,les_paul,80.8,ACTIVE,Lovies Guitars ,https://reverb.com/item/94257305-unplayed-2021-custom-shop-murphy-lab-59-les-paul-standard-reissue-electric-guitar-heavy-aged-slow-iced-tea-fade-coa-ohsc,8495.0,Excellent,,2021,"Custom Shop Murphy Lab '59 Les Paul Standard Reissue, Heavy Aged",Slow Iced Tea Fade,911495,8.75,1.6875,0.87,0.945,"Authentic '59 Medium C (.870/.945 — slimmer than typical '59, closest-to-V3 feel of this batch)",,,Custom Shop PAF Custombuckers (original),True,none stated / all original,,2026-08-01,2026-08-09
g090,les_paul,80.2,SOLD,Reverb – Santas Fancy Guitars (private seller),https://reverb.com/item/99582938-8-6-lb-gibson-custom-shop-60-les-paul-60th-anniversary-2020-v2-neck-wide-tomato-vos-r0-1960-historic-reissue,4894.0,"Excellent (used, 100% factory original)","Austin, TX",2020,"Gibson Custom Shop 60th Anniversary 1960 Les Paul Standard Reissue (R0, V2 neck)",Wide Tomato Soup Burst VOS,,8.62,,0.79,0.87,V2 authentic '60 slim C,Sits between chunky '59 and ultra-slim '60s taper per seller,,"Custombuckers (original, well-matched set per seller)",Original Custom Shop case plus all paperwork,"None, 100% factory original",dealer measured,2026-07-21,2026-07-31
g046,es_335,79.9,ACTIVE,Wildwood Guitars,https://wildwoodguitars.com/products/wildwood-spec-1961-es-335-gloss-14,6999,New,"Louisville, CO",,Gibson Custom Shop Wildwood Spec 1961 ES-335 Reissue (Gloss),Viking Red,140283,7.88,1.6875,0.81,0.92,'61 slim C (Wildwood Spec),"Slim '61 carve, .810/.920 in target windows","12""",2 Wildwood Spec Custombuckers,Gibson hardshell,,dealer measured,2026-07-19,2026-08-09
g015,es_335,79.1,ACTIVE,Reverb – Austin Vintage Guitars,https://reverb.com/item/91942651-gibson-es-335-td-1970-s-sunburst,5299.0,Very Good,"Austin, TX",1970s,Gibson ES-335 TD,Sunburst,,7.5,1.5625,,,,,,Patent-sticker humbuckers,Hardshell case,None noted; 5th-string tuner slightly bent but functional; original frets,dealer measured,2026-07-19,2026-08-09
g007,les_paul,79.1,ACTIVE,Reverb – Guitar Showcase,https://reverb.com/item/81522271-gibson-custom-shop-1960-les-paul-re-issue-60th-anniversary-001583-2020-tomato-soup-burst,6999,Brand New,"San Jose, CA",2020,"Custom Shop 60th Anniversary 1960 Les Paul Reissue VOS, V2 neck",Tomato Soup Burst (flame top),001583,8.94,,0.81,0.96,1960 V2 carve,"V2: .81 at 1st, .87 at 5th, .96 at 12th — slim in first position, gains shoulder up high",,Stock 60th Anniversary Custombuckers,"Special reissue hard case, case candy, 60th Anniversary COA, original box",None; unsold new-old-stock,dealer measured,2026-07-19,2026-08-09
g035,es_335,78.0,ACTIVE,Chicago Music Exchange,https://chicagomusicexchange.com/products/gibson-prototype-es-335-string-through-mocha-brown-2565063,6495,Used - Excellent (minimal play wear),"Chicago, IL",2021,Gibson ES-335 Prototype (string-through-body),Mocha Brown,13467721,7.69,1.6875,0.8,0.95,Medium C,,"12""","Original stock pickups, 7.4k bridge / 8.0k (as listed)",True,None (factory prototype string-through design),dealer measured,2026-07-19,2026-08-09
g336,les_paul,77.9,ACTIVE,Detroit Guitar,https://reverb.com/item/100106523-gibson-custom-limited-edition-56-les-paul-standard-murphy-lab-light-aged-all-double-gold,6999.0,Brand New,"Royal Oak, MI",,"Gibson Custom Limited Edition 1956 Les Paul Standard, Murphy Lab Light Aged",All Double Gold,,8.75,1.69,,,1950s Chunky D,,,Dual Custom Soapbar P-90,Custom Shop hardshell case + COA + case candy,none (new),,2026-08-09,2026-08-09
g017,es_335,77.6,ACTIVE,Reverb – Coast Sonic,https://reverb.com/item/98249327-1979-gibson-es-335-semi-hollow-guitar-w-case,3799.0,Very Good,"Carlsbad, CA",1979,Gibson ES-335,"Cherry, faded to mellow orange",,7.63,1.6875,0.754,0.96,C,Slim depth (.754 in 1st fret) but wide 1-11/16 nut,12 in,"Original 'tar-back' humbuckers (neck 6.73k, bridge 7.62k)",Original hard case,Converted from trapeze to tune-o-matic bridge + stop tailpiece,dealer measured,2026-07-19,2026-08-09
g006,les_paul,77.5,ACTIVE,Reverb – Guitar Riot,https://reverb.com/item/78711753-gibson-custom-shop-1960-les-paul-standard-reissue-vos-tangerine-burst-03487,6699,Brand New,"Cleveland, OH",2023,Custom Shop 1960 Les Paul Standard Reissue VOS,Tangerine Burst,0 3487,8.75,1.687,0.82,0.98,60s SlimTaper,"Factory 60s SlimTaper, but this example measures fat at the 12th (.98)","12""",Custombuckers (stock 1960 Reissue spec),Yes (Custom Shop reissue case),"None; NOS warehouse find, 2023 model year",dealer measured,2026-07-19,2026-08-09
g292,es_335,76.9,ACTIVE,Gibson Demo Shop,https://reverb.com/item/88275166-gibson-custom-1961-es-335-reissue-sixties-cherry-vos-demo,5409.0,Good,"Nashville, TN",2022,Custom Shop 1961 ES-335 Reissue VOS (Gibson Demo Shop),Sixties Cherry VOS,,7.7,1.688,0.828,0.923,Authentic '61 Skinny C,,,Custombucker Alnico III,Hardshell case + Demo Shop COA,Back of headstock stamped Demo,,2026-07-30,2026-08-09
g302,les_paul,76.8,ACTIVE,"Point Guitars (Reverb, preferred seller, 4131 feedback)",https://reverb.com/item/99980303-2026-gibson-custom-shop-les-paul-standard-59-reissue-r9-vos-8-4-lbs-dirty-lemon-burst,4999,"Mint (bought new, barely played)",,2026,Gibson Custom Shop 1959 Les Paul Standard Reissue (R9) VOS,Dirty Lemon Burst,,8.4,,,,'59 reissue profile (carve not specified; not stated as V3),,,"Stock, all original (unspecified Custombuckers)",True,None - all original per listing,,2026-08-01,2026-08-09
g275,es_335,76.5,ACTIVE,The Music Zoo,https://reverb.com/item/99163733-gibson-custom-shop-1961-es-335-reissue-made-2-measure-antique-natural-and-maple-fretboard-2026,5999.0,Excellent,"Farmingdale, NY",2026,Custom Shop 1961 ES-335 Reissue Made 2 Measure (maple fretboard),Antique Natural,,7.5625,1.69,0.83,0.93,Authentic '61 Thin D,,,Custombucker,Original hardshell case + COA,"M2M spec: maple fretboard, Antique Natural",,2026-07-30,2026-08-09
g295,es_335,76.1,ACTIVE,Gibson Demo Shop,https://reverb.com/item/84736422-gibson-1961-es-335-reissue-heavy-aged-sixties-cherry-demo,7699.0,Excellent,"Nashville, TN",2024,Custom Shop 1961 ES-335 Reissue Murphy Lab Heavy Aged (Gibson Demo Shop),Sixties Cherry,402871,7.75,1.69,0.84,0.91,1960 Slim Taper,,,Custombucker Alnico III,Hardshell case + Demo Shop COA,Back of headstock stamped DEMO,,2026-07-30,2026-08-09
g077,es_335,76.0,ACTIVE,Reverb – Mike & Mike's Guitar Bar,https://reverb.com/item/99332402-1978-gibson-es-335-vintage-semi-hollow-guitar-sunburst-w-tarbacks-coil-tap-case,4799.99,Excellent,"Seattle, WA",1976,Gibson ES-335TD,Sunburst,00-prefix (1976),8.0,1.5625,0.835,1.015,"Medium C, 3-piece maple",,,Original Tarback humbuckers with factory two-way global coil-tap switch,Vintage hardshell case (not original),"Bone nut upgrade (cut to 1 9/16), professional refret with medium jumbo wire; otherwise 100% original",dealer measured,2026-07-19,2026-08-09
g033,les_paul,76.0,SOLD,Chicago Music Exchange,https://chicagomusicexchange.com/products/gibson-custom-60-les-paul-standard-reissue-cherry-2613097,4395,Used - Good,"Chicago, IL",2019,Gibson Custom Shop 1960 Les Paul Standard Reissue (R0),Cherry Sunburst,09215,8.31,1.6875,0.85,0.94,C shape,,"12""","Original neck/bridge pickups, 7.90k / 7.88k",True,Re-wired: non-original volume pots and capacitors (original bumblebees included in case); knobs and switch tip replaced,dealer measured,2026-07-19,2026-07-21
g314,es_335,75.9,ACTIVE,Mahar's Vintage Guitars,https://reverb.com/item/99232629-gibson-memphis-es-335-63-reissue-2013-tone-specific-bloombucker-pickups,3799.95,Excellent,"Chico, CA",2013,Memphis ES-335 '63 Reissue,Sunburst,,7.375,1.6875,0.808,0.992,Slim rounded '60s C,,,"Tone Specific Bloombuckers (aftermarket PAF-style, 7.34k/8.28k) - originals NOT included",Original case,"Non-original pickups, solder and wiring",,2026-08-01,2026-08-09
g031,es_335,75.8,EXCLUDED,Chicago Music Exchange,https://chicagomusicexchange.com/products/gibson-es-335-black-1968-2520236,20358,"Used - Good (vintage, mostly original finish with small touch-ups)","Chicago, IL",1968,Gibson ES-335 (factory Varitone example),Black,952039,7.5,1.5625,0.82,0.99,C profile,,"12""","Patent-number-sticker humbuckers, neck 7.6k / bridge 8.1k",True,"Converted to mono; original Varitone/inductor removed (included in case), non-functional replacement Varitone installed; small finish touch-ups on top",dealer measured,2026-07-19,2026-07-19
g138,es_335,75.8,ACTIVE,Reverb – Guitar Chimp,https://reverb.com/item/87892067-1979-gibson-es-335td-walnut,3699,"Good (7.5/10; checking, dings, honest neck wear)","Salt Lake City, UT",1979,Gibson ES-335TD (Norlin),Walnut,70119037,7.5,1.67,0.75,0.96,Slim (per seller),"Worn-smooth back of neck, slim carve",,Gibson Patent # humbuckers (original),Non-original Gibson case (one broken latch),Professional refret (frets pristine); otherwise original,dealer measured,2026-07-29,2026-08-09
g086,es_335,75.7,ACTIVE,Reverb – The Music Zoo,https://reverb.com/item/94282042-yamaha-sa2200-brown-burst,3099.99,Brand New,"Farmingdale, NY (Long Island showroom)",2025,Yamaha SA-2200 semi-hollow (MIJ),Brown Burst,,8.19,,0.83,0.89,Yamaha soft-D / medium C,Soft D per Yamaha factory spec,"13.75""",Yamaha Alnico V humbuckers w/ push-push coil splits,Hardshell case,None (new),dealer measured,2026-07-20,2026-08-09
g341,es_335,75.7,ACTIVE,Reverb – Chicago Music Exchange,https://reverb.com/item/100228834-gibson-es-335-cherry-1974,6325,"Good - light surface scratches on pickguard, more light scratches over the serial on back of headstock, hardware lightly tarnished; frets wide with light play wear, plays well with low action","Chicago, IL",1974,Gibson ES-335 (Norlin era),Cherry (original finish),525305,8.0,1.5625,0.82,0.96,C profile,,,"Original patent-number-embossed humbuckers (T-Top era), neck 7.8k / bridge 7.3k, original wiring",True,"None stated - original finish, original hardware, original electronics",,2026-08-09,2026-08-09
g161,les_paul,75.6,ACTIVE,TR Crandall Guitars,https://trcrandall.com/products/2012-gibson-custom-shop-1959-reissue-les-paul-standard,5499.0,,,2012,Custom Shop 1959 Les Paul Standard Reissue (R9),,,8.88,1.6875,,,,,,,True,,,2026-07-30,2026-08-09
g114,les_paul,75.5,SOLD,Reverb – Point Guitars,https://reverb.com/item/99549483,5499,Mint,"Morgantown, PA",2026,Gibson Custom Shop 1959 Les Paul Standard Reissue (R9) VOS,Dirty Lemon Burst,,8.4,,,,'59 rounded medium C (factory),Fuller '59 shoulders - off target slim window; weight/finish/price drive inclusion,"12""",Custombucker Alnico 3 (factory),True,"None; all original, barely played",dealer measured,2026-07-23,2026-07-31
g123,les_paul,75.5,SOLD,Reverb – Luke Laguna Gear (private seller),https://reverb.com/item/99717073-2021-gibson-custom-shop-murphy-lab-59-les-paul-standard-reissue-light-aged-royal-tea-burst,6200,Excellent,"Laguna Niguel, CA",2021,"Gibson Custom Shop Murphy Lab 1959 Les Paul Standard Reissue, Light Aged",Royal Tea Burst,,8.35,,,,'59 Reissue profile (not measured by seller),Standard ML '59 carve expected (fuller than SlimTaper),"12""",Custombuckers (stock; all original),"OHSC, COA, case candy",None stated,dealer measured,2026-07-25,2026-07-26
g083,les_paul,75.5,ACTIVE,Reverb – Tone House Studios,https://reverb.com/item/99189671-2012-fgn-jlc-5r-les-paul-custom-mij-black-w-gigbag-fujigen-japan,1199.99,Excellent,"West Babylon, NY (Long Island)",2012,"FGN/Fujigen JLC-5R Les Paul Custom style (J-Standard, MIJ)",Black,E121940,8.13,1.71,0.839,1.0,Slimmer C (0.839 first fret),Depth numbers suggest medium-slim carve,,Stock FGN humbuckers,Gigbag + original model card,None; factory Circle Fretting System; basswood body (not mahogany),dealer measured,2026-07-20,2026-08-09
g112,les_paul,75.5,ACTIVE,Reverb – Chris's Shop (private seller),https://reverb.com/item/99643245,5699.0,Excellent,"Fuquay Varina, NC",2026,Gibson Custom Shop Wildwood Spec 1960 Les Paul Standard Reissue VOS,Golden Poppy Burst,,8.8,,,,1960 SlimTaper (Wildwood Spec factory carve),Wildwood Spec 1960 slim carve per model spec; seller did not publish depths,"12""",Underwound Custombuckers (Wildwood Spec factory),True,"None noted; always cased, smoke-free",dealer measured,2026-07-23,2026-08-09
g293,es_335,75.5,ACTIVE,Gibson Demo Shop,https://reverb.com/item/88275171-gibson-custom-1961-es-335-reissue-vintage-burst-vos-demo,5409.0,Good,"Nashville, TN",2022,Custom Shop 1961 ES-335 Reissue VOS (Gibson Demo Shop),Vintage Burst VOS,,7.65,1.671,0.828,0.935,Authentic '61 Skinny C,,,Custombucker Alnico III,Hardshell case + Demo Shop COA,Back of headstock stamped Demo,,2026-07-30,2026-08-09
g113,les_paul,75.5,PRICE DROP,Reverb – Jw's Guitar Shop (private seller),https://reverb.com/item/99558264,5495.0,Excellent,"Peoria, IL",,"Gibson Custom Shop 1960 Les Paul Standard Reissue (R0) VOS, Made 2 Measure",Dirty Lemon Quilt (M2M hand-picked quilted top),,8.75,,,,60s SlimTaper (R0 factory carve),R0 slim carve per model spec; depths not published,"12""",Custombucker Alnico 3 (factory),True,None; minor red bleed in lower neck binding noted by seller,dealer measured,2026-07-23,2026-08-09
g329,les_paul,75.5,ACTIVE,iBuyLesPaul.com,https://reverb.com/item/100306385-2020-gibson-custom-shop-60th-anniversary-1960-les-paul-standard-reissue-r0-v2,4995.0,Excellent,"Land O Lakes, FL",2020,"Gibson Custom Shop 60th Anniversary 1960 Les Paul Standard Reissue (R0), V2","Figured/flame maple sunburst, VOS vintage-inspired (exact burst name not stated)",,8.6,,,,"V2 (1960 Slim C, middle-of-1960 spec)",,,"Custombucker (stock, unstated alnico grade)",Original Lifton-style Custom Shop case + COA + full 60th Anniversary case candy,"none - 100% original, a couple small cosmetic dings pictured",,2026-08-09,2026-08-09
g337,les_paul,75.5,ACTIVE,Dave's Guitar Gear,https://reverb.com/item/100273849-2020-gibson-les-paul-standard-60s-bourbon-burst-excellent-8-lb-12-8-oz-ohsc,1979.0,Excellent,"Austin, TX",2020,Gibson Les Paul Standard '60s (AA figured top),Bourbon Burst,,8.8,,,,SlimTaper '60s,,,Burstbucker 61R / 61T,Original Gibson hardshell case,"none - all original, no noticeable dings or significant scratches, very little fret wear",,2026-08-09,2026-08-09
g325,es_335,75.1,ACTIVE,Reverb private seller (thatrhythmman),https://reverb.com/item/100020602-1968-gibson-es-335-very-clean-all-original,7399,"Excellent (checking only, 100% original)",,1968,Gibson ES-335 (all original),Sunburst,,7.7,1.57,0.88,1.01,Slender C (mid/late-60s),,,Original patent-decal T-tops,True,"None; all original, newer TKL case",,2026-08-04,2026-08-09
g026,les_paul,75.0,EXCLUDED,Dave's Guitar Shop,https://davesguitar.com/products/les-paul-deluxe-81,2995,Used - Very Good (vintage),"La Crosse, WI",1978,Gibson Les Paul Deluxe (Norlin),Wine Red,,9.2,1.6875,0.8,0.98,"SlimTaper, 3-piece maple neck with small volute",,"12""",Stock Gibson mini-humbuckers,True,Newer Grover Rotomatic tuners installed,dealer measured,2026-07-19,2026-07-29
g331,les_paul,75.0,ACTIVE,Miami Vintage Guitars Inc,https://reverb.com/item/92419594-gibson-les-paul-r-o-historic-standard-reissue,6600.0,Excellent,"Hialeah, FL",2011,Gibson Custom Shop 1960 Les Paul Standard Historic Reissue (R0),Faded sunburst with reverse-chevron flame top,,8.4,,,,"not stated (2011 R0 = 1960 slim taper, no V-number)",,,not stated (2011 R0 stock = Custombucker/BurstBucker era),original hard case + COA,"none - no repairs or modifications; scratching to control covers, faint hanger marks",,2026-08-09,2026-08-09
g257,les_paul,74.8,ACTIVE,Guitar Showcase,https://reverb.com/item/80578270-gibson-custom-shop-60th-anniversary-60-les-paul-standard-reissue-v2-001717-2020-tomato-soup-burst,6999.0,Brand New,,2020,Custom Shop 60th Anniversary '60 Les Paul Standard Reissue #001717 V2,Tomato Soup Burst,001717,8.656,,,,SlimTaper,,,Custombucker,False,changed,,2026-07-30,2026-08-09
g074,es_335,74.7,ACTIVE,Reverb – SS Vintage,https://reverb.com/item/98427889-gibson-es-335-1979-factory-black-100-original,6950,Very Good,"Chicago, IL",1979,Gibson ES-335TD,Factory Black (Ebony),,8.0,1.5625,,,Comfortable medium profile,,,Original Tarback humbuckers with factory coil-split toggle,Original hardshell case plus original hang tags,"None - 100% original, no breaks/cracks/repairs",dealer measured,2026-07-19,2026-08-09
g298,es_335,74.6,ACTIVE,Watchtower Guitars (Reverb),https://reverb.com/item/94538843-2017-gibson-custom-shop-es-335-64-ri-hand-select-sparkling-burgundy,4395,"Excellent, all original, no repair history",,2017,Gibson Custom Shop (Memphis-era) ES-335 1964 Reissue Hand Select,Sparkling Burgundy (apparent one-off; 'DEMO' marked on back of headstock),,7.75,1.6875,0.81,1.0,"'64 RI carve; 0.81 first fret / 1.00 twelfth fret (medium, not thin)",,,MHS II with relic'd covers,True,"None; all original, OHSC + Custom Shop COA",,2026-07-31,2026-08-09
g101,les_paul,74.5,PRICE DROP,Reverb – private seller (Austin TX),https://reverb.com/item/99480738-8-6-lb-gibson-m2m-custom-shop-r0-les-paul-2022-root-beet-burst-60-1960-historic-reissue-v2-neck,4395.0,Very Good,"Austin, TX",2022,"Gibson Custom Shop M2M 1960 Les Paul Standard Reissue (R0), V2 neck",Root Beer Burst,,8.6,,,,1960 V2 slim fast carve (V2 typically ~0.82 1st / ~0.94 12th),Medium-slim V2 '60 carve - confirm caliper numbers,"12""",Unpotted Custombuckers (Alnico III),Original Custom Shop case + COA + full paperwork,None - 100% factory original,dealer measured,2026-07-22,2026-08-09
g131,les_paul,74.5,ACTIVE,Reverb – private seller (Jacksonville),https://reverb.com/item/99736889-gibson-les-paul-60-s-classic-2007,1800.0,Used - Very Good,"Jacksonville, FL",2007,Gibson Les Paul Classic 1960 Reissue,Ebony,,8.4,,,,1960 slim-taper (factory Classic carve; not individually measured),"Classic 1960 = Gibson's thinnest production 60s carve; expected fast/slim, unverified","12""",Stock Classic-era 496R/500T ceramic (unconfirmed - verify with seller),True,None stated; OHSC included,dealer measured,2026-07-26,2026-08-09
g208,les_paul,74.4,ACTIVE,Santas Fancy Guitars,https://reverb.com/item/99874570-8-25-lb-gibson-custom-shop-r0-les-paul-2023-washed-cherry-vos-_-60-1960-historic-reissue,4395.0,Very Good,,2023,Custom Shop '60 Les Paul,Washed Cherry VOS,,8.25,,,,V3 neck,,,custombucker,False,,,2026-07-30,2026-08-09
g023,es_335,74.3,ACTIVE,The Music Zoo,https://www.themusiczoo.com/products/gibson-custom-shop-1961-es-335-reissue-made-2-measure-antique-natural-and-maple-fretboard-2026,5999.0,Used - barely played (back in on trade),"Farmingdale, NY",2026,Gibson Custom Shop 1961 ES-335 Reissue Made 2 Measure,Antique Natural with maple fretboard,160457,7.56,1.69,0.83,0.93,"Authentic '61 Thin D shape, long tenon",Thin D — matches slim/fast-D preference,12 in,Custombuckers,Original hardshell case + COA,None (M2M factory one-off: natural finish + maple board),dealer measured,2026-07-19,2026-08-09
g130,les_paul,74.3,SOLD,Reverb – private seller (Laguna Niguel),https://reverb.com/item/99681446-2025-gibson-custom-shop-murphy-lab-59-les-paul-standard-reissue-heavy-aged-greeny-vibes,7100.0,"Used - Excellent (near mint, studio only)","Laguna Niguel, CA",2025,"Gibson Custom Shop Murphy Lab 1959 Les Paul Standard Reissue, Heavy Aged",Dirty Lemon ('Greeny' look),,8.74,1.687,0.91,0.98,Authentic '59 Medium C,Full '59 medium C - thicker shoulders than target window,"12""","Custombucker Alnico III, unpotted",True,None; aged Lifton OHSC + COA + paperwork,dealer measured,2026-07-26,2026-07-28
g100,les_paul,74.2,ACTIVE,Reverb – Austin Vintage Guitars,https://reverb.com/item/92253250-gibson-custom-shop-historic-r0-les-paul-standard-1960-reissue-2005-flame-ice-tea-burst,5695,Very Good,"Austin, TX",2005,Gibson Custom Shop Historic 1960 Les Paul Standard Reissue (R0),Flame Ice Tea Burst,,8.81,,,,1960 slim carve (R0 Historic),Era-correct thin 1960 profile; caliper numbers not published - request 1st/12th before purchase,"12""","Gibson Historic humbuckers (stock 2005 R0, BurstBucker era)",Original Gibson case + COA + case candy,None stated; small nicks and scuffs,dealer measured,2026-07-22,2026-08-09
g347,es_335,74.2,ACTIVE,Reverb – Fleury (private seller),https://reverb.com/item/100306651-gibson-memphis-es-335-block-2018-figured-antique-walnut,2995,Very Good - normal signs of playing and handling,"Roswell, GA",2018,Gibson Memphis ES-335 Block,Figured Antique Walnut,,7.93,,0.82,0.97,Period-correct medium 'D',,,"MHS humbuckers - Alnico III neck, Alnico II bridge",True,Callaham ABR-1 bridge and steel tailpiece currently installed; original Gibson ABR-1 with titanium saddles and lightweight aluminum locking tailpiece included,,2026-08-09,2026-08-09
g221,les_paul,74.0,ACTIVE,American Vintage Music ,https://reverb.com/item/95447679-gibson-murphy-lab-wildwood-spec-59-les-paul-standard-heavy-aged,8500.0,Excellent,,2021,Custom Shop Murphy Lab '59 Les Paul Standard Reissue Heavy Aged,Kindred Burst,,8.62,,,,medium C,,,Custombuckers,True,,,2026-07-30,2026-08-09
g036,es_335,73.8,SOLD,Chicago Music Exchange,https://chicagomusicexchange.com/products/gibson-es-335-dot-figured-cherry-2004-2540943,2750,"Used - Good (light wear, mild hardware patina)","Chicago, IL",2004,Gibson ES-335 Dot Figured (Memphis),Cherry,00574707,8.19,1.6875,0.8,0.89,D profile (slim),,"12""","Original Gibson pickups, 7.8k neck / 7.8k bridge",,None noted,dealer measured,2026-07-19,2026-07-19
g258,les_paul,73.8,ACTIVE,Guitar Showcase,https://reverb.com/item/80543369-gibson-1960-reissue-les-paul-v2-001720-2021-tomato-soup-burst,6999.0,Brand New,,2021,1960 Reissue Les Paul V2 #001720,Tomato Soup Burst,001720,8.85,,,,SlimTaper,,,Custombucker,False,changed,,2026-07-30,2026-08-09
g289,es_335,73.8,ACTIVE,TheGuitarBuyer,https://reverb.com/item/92218344-2023-gibson-custom-shop-murphy-lab-ultra-light-aging-61-reissue-es-335-a-40,5500.0,Very Good,"Dayton, OH",2023,Custom Shop Murphy Lab '61 ES-335 Reissue Ultra Light Aged,Cherry,,7.9375,1.68,0.83,0.91,'61 slim,,,Original Custombuckers,Original case + candy,,,2026-07-30,2026-08-09
g073,es_335,73.7,ACTIVE,Reverb – Rock N Roll Vintage & Synth City,https://reverb.com/item/98179752-gibson-es-335-tdc-1969-cherry,8995,Very Good,"Chicago, IL",1969,Gibson ES-335TDC,Cherry,,7.55,1.57,0.811,1.01,,,,Original pickups (1969 patent-sticker era),Not stated in listing - confirm with dealer,None stated; described as minty with impeccably clean finish,dealer measured,2026-07-19,2026-08-09
g340,les_paul,73.0,ACTIVE,Star City Guitar Depot,https://reverb.com/item/100143144-gibson-les-paul-standard-60s-aaa-flame-honey-lemon-burst,2499.0,Excellent,"Roanoke, VA",2024,"Gibson Les Paul Standard '60s, AAA Flame (Guitar Center exclusive run)",Honey Lemon Burst,,8.9,,,,SlimTaper '60s,,,Burstbucker 61R / 61T,Original case (excellent) + original GC bill of sale,Grover locking tuners replace original Grovers; pickguard removed (original parts included). Single imperfection on treble-side headstock,,2026-08-09,2026-08-09
g226,les_paul,72.8,ACTIVE,Detroit Guitar,https://reverb.com/item/94282393-gibson-custom-m2m-60-les-paul-standard-v3-neck-butterscotch-murphy-lab-heavy-aged,9699.0,Brand New,,,MM  Les Paul Standard V Neck Butterscotch Murphy Lab Heavy Aged,Aged Butterscotch,,8.875,,,,V3 neck,,,Custombucker,True,,,2026-07-30,2026-08-09
g075,es_335,72.6,ACTIVE,Reverb – Imperial Vintage Guitars,https://reverb.com/item/97804214-1976-gibson-es-335td-walnut-w-hsc,4495,Good,"San Diego, CA",1976,Gibson ES-335TD,Walnut,,7.81,1.5625,0.83,1.06,"C shape, 3-piece maple",,,Original Tarback humbuckers,Period-correct Gibson hardshell case,"Grovers previously installed (original tuners reinstalled), D-string tuner shaft slightly bent, finish touch-up near upper f-hole",dealer measured,2026-07-19,2026-08-09
g139,es_335,72.5,ACTIVE,Reverb – Milwaukee Vintage,https://reverb.com/item/99793899-all-original-1970-1971-gibson-es-335-cherry-with-ohsc-rare-factory-lyre-vibrola-orange-label,7995,Excellent (light scuffs on back; frets near-unworn),"Milwaukee, WI",1970,Gibson ES-335TD with rare factory Maestro Lyre Vibrola,Cherry,633734,8.08,1.593,,,Narrow-nut early-70s (profile not stated),,,"Original humbuckers, all original electronics",Original hardshell case (very good),None - 100% original; 14-day return policy,dealer measured,2026-07-29,2026-08-09
g140,les_paul,72.2,ACTIVE,Retrofret,https://retrofret.com/products/gibson-les-paul-deluxe-solid-body-electric-guitar-1973-12579,5650.0,,,1973,Les Paul Deluxe,Goldtop,051390,9.0,1.6875,,,,,,,True,,,2026-07-30,2026-08-09
g099,les_paul,71.7,SOLD,Reverb – Division Street Guitars,https://reverb.com/item/95606419-burny-rlg-50-super-grade-1983-black,1195.0,Very Good,"Peekskill, NY (Westchester, ~1hr Metro-North)",1983,Burny RLG-50 Super Grade (mid-tier MIJ),Black,,8.94,,,,Dealer: 'feels remarkably similar to a 60s LP' (no measurements),,,"Original Burny L-8000 humbuckers, all original electronics",True,"None - all original; light dings, light fret wear under G/B strings",dealer measured,2026-07-21,2026-07-27
g285,es_335,71.3,ACTIVE,Parkway Music,https://reverb.com/item/93468792-gibson-custom-1961-es-335-reissue-vos-vintage-burst,5999.0,Brand New,"Clifton Park, NY",,Custom Shop 1961 ES-335 Reissue VOS,Custom,150692,7.7812,,,,SlimTaper 60s C,,,Custombucker Alnico III,Hardshell case + COA,,,2026-07-30,2026-08-09
g133,les_paul,71.2,ACTIVE,Reverb – The Guitar Broker,https://reverb.com/item/99761626-gibson-les-paul-std-lp-60-reissue-2003-fabulous-example-w-a-rare-brazilian-fingerboard-very-light-ready-to-enjoy,9995.0,Excellent (seller: near mint),"Fort Lauderdale, FL",2003,"Gibson Custom Shop 1960 Les Paul Standard Reissue (R0), Brazilian rosewood board run",Faded Cherry burst (Unburst-adjacent) over flame top,Not published (pots dated 2003),8.81,,,,1960 slim taper per R0 model spec; carve measurements not published,,"12""","Factory PAF-style, original pots dated 2003, all original","Original brown hardshell + brown COA booklet, tags, candy",None noted; all original,dealer measured,2026-07-27,2026-08-09
g273,es_335,71.2,ACTIVE,Chicago Music Exchange,https://reverb.com/item/99648769-gibson-custom-shop-1961-es-335-reissue-sixties-cherry-murphy-lab-heavy-aged-serial-160390,8999.0,Brand New,"Chicago, IL",2024,Custom Shop 1961 ES-335 Reissue Murphy Lab Heavy Aged,Sixties Cherry,160390,7.4375,,,,Authentic '61 SlimTaper,,,Custombucker Alnico III,Hardshell case,,,2026-07-30,2026-08-09
g319,les_paul,71.0,ACTIVE,Chicago Music Exchange,https://reverb.com/item/100052491-gibson-custom-56-les-paul-reissue-goldtop-2019,3700,Very Good,,2019,Gibson Custom Shop 1956 Les Paul Reissue,Goldtop,69216,8.1875,1.6875,0.9,1.0,Medium C,,,Original stock P-90s (neck 7.7k / bridge 7.8k),True,None; all original,,2026-08-04,2026-08-09
g279,es_335,70.9,ACTIVE,Steve's Guitar Depot,https://reverb.com/item/96560395-gibson-es-335-custom-shop-61-vos,4450.0,Excellent,"Canyon Lake, TX",2022,Custom Shop '61 ES-335 Reissue VOS,Sixties Cherry,,7.3,,,,'61 Skinny C,,,Custombucker,Original Gibson case + COA,,,2026-07-30,2026-08-09
g018,es_335,70.6,ACTIVE,Reverb – Jimmy Wallace Guitars,https://reverb.com/item/42945403-gibson-es-335-1979-walnut,5345.0,Very Good,"Garland, TX",1979,Gibson ES-335,Walnut,70119025,7.44,1.6875,0.795,0.975,,1st-fret depth .795 sits in ideal 0.76-0.82 band,,Stock late-70s Gibson humbuckers (not specified by seller),Original case,None noted; small finish blemish on back of neck,dealer measured,2026-07-19,2026-08-09
g333,les_paul,70.6,ACTIVE,Sound Pure,https://reverb.com/item/89531553-gibson-cs-59-lp-std-guitar-943828,5795.0,Excellent,"Durham, NC",,"Gibson Custom Shop 1959 Les Paul Standard Reissue (R9), Made 2 Measure",Tobacco Sunburst,943828,8.19,1.6875,0.9,1.0,Authentic '59 Medium C,,,Custombucker Alnico III,not explicitly stated - confirm,"none by owner; Sound Pure luthier leveled/recrowned/polished frets and set up truss rod, nut, bridge",,2026-08-09,2026-08-09
g353,es_335,70.6,ACTIVE,Reverb – TheGuitarBuyer,https://reverb.com/item/99083676-gibson-es-340-1968-100-original-crazy-clean-367,5800,Very Good,"Dayton, OH",1968,ES-340,Natural,,8.0,1.58,0.83,0.96,,,,Not stated - late-'60s ES-340 shipped with patent-number humbuckers; confirm with dealer,True,None - stated 100% original with original blend circuit intact,,2026-08-09,2026-08-09
g290,es_335,70.5,ACTIVE,Fuller's Guitar,https://reverb.com/item/91377875-gibson-custom-shop-1961-es-335-vos-reissue-sixties-cherry,5999.0,Brand New,"Houston, TX",,Custom Shop 1961 ES-335 Reissue VOS,Sixties Cherry,150313,7.375,,,,SlimTaper 60s C,,,Custombucker,Hardshell case,,,2026-07-30,2026-08-09
g328,les_paul,70.1,ACTIVE,Round Hill Music Co,https://reverb.com/item/99985024-gibson-custom-59-les-paul-standard-botb-78-murphy-lab-light-aged-cherry-burst,8799.0,Brand New,"Greenwich, CT",2026,"Gibson Custom '59 Les Paul Standard BOTB Page 78, Murphy Lab Light Aged (RHMC spec)",Cherry Burst (BOTB p.78),,8.7,1.687,0.86,0.975,R9 V1 (.860-.975),,,"Custombucker Aged Alnico III, unpotted, double-aged white bobbins",Gibson Custom Shop Aged Brown hardshell case,none (new),,2026-08-04,2026-08-09
g085,es_335,69.9,ACTIVE,Reverb – Alan's Guitar Room (private seller),https://reverb.com/item/89834666-tokai-es-220-2022-cherry,2000,Mint (like new),"Califon, NJ (~1h15m from Manhattan)",2022,Tokai ES-220 SR 335-style (top-tier MIJ ES series),See-through Cherry Red,,7.84,1.614,,,Not stated (seller sold because 41mm nut felt narrow to him),,,Tokai vintage PAF-style humbuckers,Original Tokai plush-lined hardshell case,"None - babied, factory fresh",dealer measured,2026-07-20,2026-08-09
g141,les_paul,69.9,ACTIVE,Retrofret,https://retrofret.com/products/gibson-les-paul-56-custom-shop-solid-body-electric-guitar-2025-13129,8500.0,,,2025,Les Paul '56 Custom Shop reissue,All Gold,6-5068,8.16,1.6875,,,,,,,True,,,2026-07-30,2026-08-09
g320,es_335,69.5,SOLD,Reverb private seller (lionels-shop-2),https://reverb.com/item/100032782-gibson-memphis-es-335-figured-block-2019-blonde,3000,Excellent (one pen-tip mark),,2019,"Gibson Memphis ES-335 Figured, block inlays",Blonde,,7.3125,,0.85,0.95,"Medium (per seller, 0.85/0.95)",,,Stock,True,"None; original owner, case candy, plastic still on guard",,2026-08-04,2026-08-04
g334,les_paul,69.5,ACTIVE,Haggerty's Music,https://reverb.com/item/100106949-gibson-custom-shop-limited-edition-1959-les-paul-standard-birdseye-maple-pg-151-botb-murphy-lab-light-aged-electric-guitar-with-hardshell-case,8199.0,Brand New,"Rapid City, SD",2026,"Gibson Custom Shop Limited Edition 1959 Les Paul Standard, Birdseye Maple, BOTB Page 151, Murphy Lab Light Aged",Peach Tea Burst,961308,8.69,1.69,0.909,0.965,Authentic 1959,,,Custombucker Alnico 4 (neck + bridge),Lifton-style reissue hardshell case + COA + tools,none (new),,2026-08-09,2026-08-09
g091,les_paul,68.7,PRICE DROP,Reverb – Dietze Music,https://reverb.com/item/98846758-gibson-wildwood-spec-1959-les-paul-standard-vos-2025-kindred-burst,4950.0,Excellent (like new; minor headstock hook rash),"Omaha, NE",2025,Gibson Custom Shop Wildwood Spec 1959 Les Paul Standard VOS,Kindred Burst,,8.4,1.695,0.88,0.98,Authentic '59 Medium C,Medium-chunky rounded '59 carve,"12""",Wildwood Spec Custombuckers (unpotted),Brown/Pink Lifton Reissue case with Wildwood Spec badge,None noted,dealer measured,2026-07-21,2026-08-09
g049,es_335,68.2,SOLD,Wildwood Guitars,https://wildwoodguitars.com/products/es-335-satin-dot-30,2999,New,"Louisville, CO",2022,Gibson ES-335 Satin Dot (USA),Satin Cherry,224830006,7.51,1.695,0.85,0.96,Rounded C,"Medium rounded C, .850/.960 - fuller than target windows","12""",2 Calibrated T-Type humbuckers,Gibson hardshell,,dealer measured,2026-07-19,2026-07-30
g016,es_335,68.0,ACTIVE,Reverb – Garrett Park Guitars,https://reverb.com/item/92077232-1970-gibson-es-335-make-an-offer,6800.0,Excellent,"Annapolis, MD",1970,Gibson ES-335 (orange label),Sunburst,952094,7.63,1.625,,,Very comfortable D shape (per seller),D profile — matches slim/fast-D preference,,Original patent-era humbuckers (all original electronics),Original hardshell case plus original hangtag,None — all original,dealer measured,2026-07-19,2026-08-09
g136,les_paul,68.0,ACTIVE,Reverb – Osh's Gear (private seller),https://reverb.com/item/99768672,6700.0,Excellent,"Placentia, CA",,"Gibson Custom Shop Murphy Lab '59 Les Paul Standard Reissue, Heavy Aged",Heritage Cherry with dark back (rare combo per seller),,8.63,,,,"'59 C per seller ('not too chunky, not too slim'); no measurements",Typical rounded '59 C per seller,,Stock Custombuckers (assumed),Not specified,None stated; smoke-free home,dealer measured,2026-07-28,2026-08-09
g222,les_paul,67.8,ACTIVE,Guitar Showcase,https://reverb.com/item/94655810-gibson-custom-les-paul-60th-anniversary-limited-edition-v2-2020-tomato-soup-burst-001709,6995.0,Brand New,,2020,Les Paul 60th Anniversary Limited Edition V2,Tomato Soup Burst #001709,,8.8,,,,V2 Neck,,,,False,changed,,2026-07-30,2026-08-09
g224,les_paul,67.8,ACTIVE,Guitar Showcase,https://reverb.com/item/94655299-gibson-custom-les-paul-60th-anniversary-limited-edition-v2-2020-tomato-soup-burst-001546,6995.0,Brand New,,2020,Les Paul 60th Anniversary Limited Edition V2,Tomato Soup Burst #001546,,8.4,,,,V2 Neck,,,,False,changed,,2026-07-30,2026-08-09
g254,les_paul,67.8,ACTIVE,Guitar Showcase,https://reverb.com/item/80789835-gibson-custom-shop-60th-anniversary-60-les-paul-standard-reissue-v2-2020-001591-tomato-soup-burst,6999.0,Brand New,,2020,Custom Shop 60th Anniversary '60 Les Paul Standard Reissue V2  #001591,Tomato Soup Burst,001591,8.8,,,,V2,,,Custombucker,False,changed,,2026-07-30,2026-08-09
g262,les_paul,67.8,ACTIVE,Guitar Showcase,https://reverb.com/item/80214704-gibson-custom-shop-60th-anniversary-60-les-paul-standard-001548-reissue-v2-2020-tomato-soup-burst,6999.0,Brand New,,2020,Custom Shop 60th Anniversary '60 Les Paul Standard Reissue #001548V2,Tomato Soup Burst #001548,001548,8.625,,,,V2,,,Custombucker,False,changed,,2026-07-30,2026-08-09
g263,les_paul,67.8,ACTIVE,Guitar Showcase,https://reverb.com/item/80213549-gibson-custom-shop-60th-anniversary-60-les-paul-standard-reissue-v2-001511-2020-tomato-soup-burst,6999.0,Brand New,,2020,Custom Shop 60th Anniversary '60 Les Paul Standard Reissue #001511 V2,Tomato Soup Burst,001511,8.562,,,,V2,,,Custombucker,False,changed,,2026-07-30,2026-08-09
g264,les_paul,67.8,ACTIVE,Guitar Showcase,https://reverb.com/item/79746947-gibson-custom-shop-60th-anniversary-60-les-paul-standard-reissue-001661v2-2020-tomato-soup-burst,6999.0,Brand New,,2020,Custom Shop 60th Anniversary '60 Les Paul Standard Reissue  #001661  V2,Tomato Soup Burst,001661,8.35,,,,V2,,,Custombucker,False,changed,,2026-07-30,2026-08-09
g265,les_paul,67.8,ACTIVE,Guitar Showcase,https://reverb.com/item/80213212-gibson-custom-shop-60th-anniversary-60-les-paul-standard-reissue-001505-v2-2020-tomato-soup-burst,6999.0,Brand New,,2020,Custom Shop 60th Anniversary '60 Les Paul Standard Reissue V2 #001505,Tomato Soup Burst,001505,8.67,,,,V2,,,Custombucker,False,changed,,2026-07-30,2026-08-09
g266,les_paul,67.8,ACTIVE,Guitar Showcase,https://reverb.com/item/80113579-gibson-custom-shop-60th-anniversary-60-les-paul-standard-reissue-001641-v2-2020-tomato-soup-burst,6999.0,Brand New,,2020,Custom Shop 60th Anniversary '60 Les Paul Standard Reissue #001641  V2,Tomato Soup Burst,001641,8.6,,,,V2,,,Custombucker,False,changed,,2026-07-30,2026-08-09
g267,les_paul,67.8,ACTIVE,Guitar Showcase,https://reverb.com/item/80113342-gibson-custom-shop-60th-anniversary-60-les-paul-standard-reissue-001581-v2-2020-tomato-soup-burst,6999.0,Brand New,,2020,Custom Shop 60th Anniversary '60 Les Paul Standard Reissue  #001581   V2,Tomato Soup Burst,001581 8,8.75,,,,V2,,,Custombucker,False,changed,,2026-07-30,2026-08-09
g269,les_paul,67.8,ACTIVE,Guitar Showcase,https://reverb.com/item/79395606-gibson-custom-shop-60th-anniversary-60-les-paul-standard-001710-reissue-v2-2020-tomato-soup-burst,6999.0,Brand New,,2020,Custom Shop 60th Anniversary '60 Les Paul Standard Reissue  #001710   V2,Tomato Soup Burst,001710,8.75,,,,V2,,,Custombucker,False,changed,,2026-07-30,2026-08-09
g349,es_335,67.8,ACTIVE,Reverb – MUDGE'S MUSIC (at Carter Vintage),https://reverb.com/item/99874297-gibson-marcus-king-es-345-2025-sixties-cherry,3400,Very Good (described as like new),"Nashville, TN",2025,"ES-345 (Marcus King signature, '62-inspired)",Sixties Cherry,,8.0,1.691,0.833,0.934,Rounded,,,Gibson Custombuckers (PAF-style alnico) - bridge 7.9k / neck 7.9k,True,None stated,,2026-08-09,2026-08-09
g104,es_335,67.5,ACTIVE,Reverb – Samsons Select Guitars (private seller),https://reverb.com/item/92693660-gibson-es-335-td-1976-wine-red,3600,Very Good,"Hobe Sound, FL",1976,Gibson ES-335TD,Wine Red,,7.63,,,,"3-piece Norlin neck, profile not stated",,,Original 1976 Gibson humbuckers (T-top/tarback era),Non-original genuine Gibson Custom Shop case,All original except one non-original ABR-1 screw (original included); headstock lacquer chip (no wood damage); 3 fret-related binding cracks,dealer measured,2026-07-22,2026-08-09
g109,les_paul,67.5,ACTIVE,Reverb – Tone House Studios,https://reverb.com/item/97917799-1978-greco-eg-500-les-paul-custom-mij-cherry-burst-guitar-with-gigbag,1599.99,"Very Good (honest wear, hardware pitting)","West Babylon, NY (Long Island)",1978,Greco EG-500 Les Paul Custom style (FujiGen lawsuit-era MIJ),Cherry Burst,H787528,8.19,1.72,0.891,1.03,Comfortable and substantial vintage-inspired profile,"12th-fret 1.03 well over target - full shoulders, not slim-taper",,Stock Greco humbuckers,Gig bag only,D-string tuner replaced with Gotoh; otherwise stock,dealer measured,2026-07-22,2026-08-09
g105,es_335,67.0,ACTIVE,Reverb – Nationwide Guitars,https://reverb.com/item/85044474-1973-gibson-es-335-walnut-collector-clean-condition-with-original-case-patent-sticker-pickups,5499,Excellent,"Columbia, MD",1973,Gibson ES-335TD,Walnut,,7.45,,,,"Mahogany Norlin neck, profile not stated",,,Two patent-sticker humbuckers,"Original black Tolex Gibson hardshell, purple lining","None stated; all original, collector-clean, trapeze tailpiece",dealer measured,2026-07-22,2026-08-09
g313,es_335,67.0,SOLD,Dave's Guitar Shop,https://reverb.com/item/99708696-gibson-usa-es-335-figured-16,2995,Very Good,"La Crosse, WI",2016,ES-335 Figured (Memphis factory),Cherry,,7.8,,,,Rounded C,,,not stated (stock),Gibson hardshell,none noted,,2026-08-01,2026-08-04
g225,les_paul,66.8,ACTIVE,Guitar Showcase,https://reverb.com/item/94654068-gibson-les-paul-60th-anniversary-limited-edition-v2-2021-tomato-soup-burst-001724,6995.0,Brand New,,2021,Les Paul 60th Anniversary Limited Edition V2,Tomato Soup Burst #001724,,8.85,,,,V2 Neck,,,,False,changed,,2026-07-30,2026-08-09
g093,les_paul,66.7,ACTIVE,Reverb – G-Brat's Guitars,https://reverb.com/item/99292558-2024-gibson-les-paul-59-custom-shop-r9-murphy-lab-ultra-light-aged-slow-ice-tea-fade,6999,"Excellent (one owner, 100% original)","Ovilla, TX",2024,Gibson Custom Shop 1959 Les Paul Standard Reissue (R9) Murphy Lab Ultra Light Aged,Slow Iced Tea Fade,9 4xxx (partial),8.8,1.687,0.92,0.999,Rounded C (authentic '59),Full rounded '59 shoulders - substantially chunkier than target,,Gibson Custombuckers,"Original Gibson Lifton brown/pink case, case candy, Murphy Lab COA",None; fresh 10-46 strings,dealer measured,2026-07-21,2026-08-09
g252,les_paul,66.7,ACTIVE,Guitar Showcase,https://reverb.com/item/81059086-gibson-custom-shop-60th-anniversary-60-les-paul-standard-reissue-v2-2020-001517-tomato-soup-burst,6999.0,Brand New,,2020  #001517,Custom Shop 60th Anniversary '60 Les Paul Standard Reissue V2,Tomato Soup Burst,001517,8.25,,,,V2,,,Custombucker,False,changed,,2026-07-30,2026-08-09
g202,les_paul,66.6,ACTIVE,6strings4sale,https://reverb.com/item/75211577-2010-gibson-custom-shop-gold-book-50th-anniversary-60-les-paul-standard-reissue-lpr0-version-2-light-iced-tea-burst,5890.0,Excellent,,2010 - 2011,2010 Custom Shop 50th Anniversary '60 Les Paul Standard Reissue Version 2,Light Iced Tea Burst,,8.69,,0.83,0.95,,,,,,,,2026-07-30,2026-08-09
g124,les_paul,66.5,SOLD,Reverb – Point Guitars,https://reverb.com/item/99612401-2026-gibson-custom-shop-les-paul-standard-59-reissue-r9-vos-iced-tea-burst,4999,Mint,"Morgantown, PA",2026,Gibson Custom Shop 1959 Les Paul Standard Reissue (R9) VOS,Iced Tea Burst,,8.2,,,,'59 Reissue profile (not measured by shop),,"12""",Custombuckers (stock; all original),"OHSC, COA, case candy",None; fresh pro setup,dealer measured,2026-07-25,2026-08-04
g271,les_paul,66.5,ACTIVE,Guitar Showcase,https://reverb.com/item/79146552-gibson-custom-shop-les-paul-1960-v2-ltd-ed-anniv-reissue-2020-001502-tomato-soup-burst,6999.0,Brand New,,2020,Custom Shop Les Paul 1960 V2 Ltd. Edition Anniversary Reissue,Tomato Soup Burst,001502,8.5,,,,V2,,,Custombucker,False,changed,,2026-07-30,2026-08-09
g346,es_335,66.5,ACTIVE,Reverb – Lakeshore Guitars,https://reverb.com/item/100226548-gibson-memphis-es-335-dot-2019-graphite-metallic,2799,"Excellent - near mint, some fine indentations on treble-side edge, some cloudiness on nickel hardware; set up for very low action","Troy, MI",2019,Gibson Memphis ES-335 Dot (limited Graphite Metallic run),Graphite Metallic (high-gloss nitro),,7.7,1.687,0.865,0.957,"Full C/D, seller calls it '1958-esque'",,,Gibson '57 Classic (neck) / '57 Classic Plus (bridge) per seller - readings 8.28k / 7.92k,True,None stated,,2026-08-09,2026-08-09
g291,es_335,66.2,ACTIVE,Lovies Guitars ,https://reverb.com/item/90332817-vintage-1979-gibson-es-335-pro-semi-hollow-electric-guitar-sunburst-ohsc,3595.0,Very Good,"Thousand Oaks, CA",1979,ES-335 Pro (Norlin),Sunburst,72039058,7.85,1.6875,0.75,0.945,,,,Dirty Fingers (stock on ES-335 Pro),Original hardshell case,Two screw holes from removed Roland synth pickup; otherwise all original,,2026-07-30,2026-08-09
g022,es_335,66.0,SOLD,Reverb – Mahar's Vintage Guitars,https://reverb.com/item/99230111-gibson-wildwood-memphis-es-335-63-reissue-2015-flamey-blonde,5199.95,Excellent,"Chico, CA",2015,Gibson Memphis ES-335 '63 Reissue (Wildwood exclusive),'Redneck Blonde' with flame maple,,7.69,1.6875,0.835,,Soft C '63,Softer '63 C — slimmer than a '59 but .835 1st fret is above 0.82 ceiling,12 in,Sunbear Alnico III neck (7.26k) / Alnico IV bridge (8.34k); original Memphis pickups included in case,"Original case, paperwork, and COA",Pickups swapped to Sunbears (reversible; originals included),dealer measured,2026-07-19,2026-07-20
g335,les_paul,65.7,ACTIVE,Imperial Vintage Guitars,https://reverb.com/item/100108026-2026-gibson-custom-murphy-lab-dealer-select-1956-les-paul-standard-bigsby-light-aged-ebony-w-ohsc,7699.0,Mint,"Burbank, CA",2026,"Gibson Custom Murphy Lab Dealer Select 1956 Les Paul Standard w/ Bigsby, Light Aged",Ebony,,8.88,1.6875,0.94,1.13,1956,,,Soapbar P-90 (neck) + Custombucker (bridge),Original hardshell case + COA + hang tags,"none (new, factory Bigsby)",,2026-08-09,2026-08-09
g253,les_paul,65.5,ACTIVE,Guitar Showcase,https://reverb.com/item/80918240-gibson-custom-shop-60th-anniversary-60-les-paul-standard-reissue-v2-001667-2020-tomato-soup-burst,6999.0,Brand New,,2020,Custom Shop 60th Anniversary '60 Les Paul Standard Reissue V2 #001667,Tomato Soup Burst,001667,8.188,,,,V2,,,Custombucker,False,changed,,2026-07-30,2026-08-09
g342,es_335,65.3,ACTIVE,Reverb – MUDGE'S MUSIC (at Carter Vintage),https://reverb.com/item/94326317-gibson-es-335-1972-sunburst,6250,Very Good - plays exceptionally well after recent refret; factory 2nd stamp; name and SS# etched into pickguard,"Nashville, TN",1972,Gibson ES-335,Sunburst,,8.0,1.59,0.862,0.97,C,,,"Original patent-sticker T-Tops, 7.5k / 7.5k",True,"Recent re-fret, new nut, replacement Kluson tuners; factory 2nd stamp; owner name and SSN etched into pickguard; period (non-original) HSC",,2026-08-09,2026-08-09
g087,es_335,65.0,ACTIVE,Reverb – The Music Zoo,https://reverb.com/item/94282043-yamaha-sa2200-semi-hollow-violin-sunburst,3099.99,Brand New,"Farmingdale, NY (Long Island showroom)",2025,Yamaha SA-2200 semi-hollow (MIJ),Violin Sunburst,,8.44,,0.85,0.91,Yamaha soft-D / medium C,Soft D per Yamaha factory spec,"13.75""",Yamaha Alnico V humbuckers w/ push-push coil splits,Hardshell case,None (new),dealer measured,2026-07-20,2026-08-09
g223,les_paul,64.8,ACTIVE,Guitar Showcase,https://reverb.com/item/94654693-gibson-custom-les-paul-60th-anniversary-limited-edition-v2-2020-tomato-soup-burst-001542,6995.0,Brand New,,2020,Les Paul 60th Anniversary Limited Edition V2,Tomato Soup Burst #001542,,8.95,,,,V2 Neck,,,,False,changed,,2026-07-30,2026-08-09
g259,les_paul,64.8,ACTIVE,Guitar Showcase,https://reverb.com/item/80508746-gibson-custom-shop-60th-anniversary-60-les-paul-standard-reissue-v2-001797-2020-tomato-soup-burst,6999.0,Brand New,,2020,Custom Shop 60th Anniversary '60 Les Paul Standard Reissue V2,Tomato Soup Burst,001797,8.95,,,,V2,,,Custombucker,False,changed,,2026-07-30,2026-08-09
g350,es_335,64.7,ACTIVE,Reverb – Alto Music,https://reverb.com/item/84918650-gibson-es-345-semi-hollow-electric-guitar-vintage-burst,3799,Brand New,"Middletown, NY",,ES-345 (current production),Vintage Burst,,7.9,,,,"Rounded C (factory spec, not measured in listing)",,,Gibson Calibrated T-Type humbuckers (PAF-style alnico),True,None - new instrument,,2026-08-09,2026-08-09
g294,es_335,64.6,ACTIVE,Gibson Demo Shop,https://reverb.com/item/88275205-gibson-custom-1961-es-335-reissue-vintage-burst-vos-demo,5409.0,Good,"Nashville, TN",2022,Custom Shop 1961 ES-335 Reissue VOS (Gibson Demo Shop),Vintage Burst VOS,,7.65,1.69,0.87,0.972,Authentic '61 Skinny C,,,Custombucker Alnico III,Hardshell case + Demo Shop COA,Back of headstock stamped Demo,,2026-07-30,2026-08-09
g013,es_335,64.5,SOLD,Reverb – Nutmeg Vintage Guitars LLC,https://reverb.com/item/99166257-gibson-es-335td-1972-ice-tea-sunburst-7-8-lbs,4089.35,Excellent,"South Windsor, CT",1972,Gibson ES-335TD,Ice Tea Sunburst,,7.8,,,,,,,Original embossed-cover Gibson humbuckers (1972 pat.-number/T-top era),Original hardshell case,None noted; only flaw is a headstock-top scuff,dealer measured,2026-07-19,2026-07-29
g160,les_paul,64.5,ACTIVE,TR Crandall Guitars,https://trcrandall.com/products/2023-gibson-les-paul-murphy-lab-r8,4999.0,,,2023,Custom Shop Murphy Lab 1958 Les Paul Reissue (R8),,,8.81,1.69,0.92,,,,,,True,,,2026-07-30,2026-08-09
g211,les_paul,64.5,ACTIVE,Anderson Music Outlet,https://reverb.com/item/99206808-2023-gibson-les-paul-standard-60s-bourbon-burst-8-6-lbs,2099.0,Excellent,,2023,Les Paul Standard '60s,Bourbon Burst,,8.6,,,,,,,BurstBucker,True,,,2026-07-30,2026-08-09
g212,les_paul,64.5,ACTIVE,MIMOSA MUSIC,https://reverb.com/item/98908249-gibson-custom-shop-murphy-lab-59-les-paul-standard-reissue-2023-ultra-light-aging-as-new-with-all-tags-coa-original-case,6499.99,Mint,,,Custom Shop Murphy Lab '59 Les Paul Standard Reissue Ultra Light Aged,,,8.719,,,,,,,,True,,,2026-07-30,2026-08-09
g213,les_paul,64.5,ACTIVE,Thunder Road Guitars PDX,https://reverb.com/item/98663410-2023-gibson-custom-shop-58-reissue-wildwood-spec-murphy-lab-light-aged-factory-burst-831466,4899.0,Excellent,,2023,Custom Shop '58 Reissue Wildwood Spec Murphy Lab Light Aged,Factory Burst,831466,8.375,,,,,,,,True,,,2026-07-30,2026-08-09
g215,les_paul,64.5,SOLD,chris's Gear Outlet,https://reverb.com/item/98528528-gibson-custom-shop-murphy-lab-59-les-paul-standard-reissue-light-aged,5261.0,Excellent,,,Custom Shop Murphy Lab '59 Les Paul Standard Reissue Light Aged,,,8.7,,,,,,,,False,,,2026-07-30,2026-07-31
g303,les_paul,64.5,ACTIVE,Select Plus+ Guitars+ Amps+ Gear,https://reverb.com/item/99959692-gibson-les-paul-standard-60s-2025-8-56-lbs-a-lovely-burst-minty,2350.0,Excellent,,2025,Les Paul Standard '60s,"Burst (reddish/brown, mild flame)",,8.5625,,,,,,,60s Burstbuckers (original),True,none stated / all original,,2026-08-01,2026-08-09
g227,les_paul,64.2,ACTIVE,JL Guitars,https://reverb.com/item/92649271-gibson-wildwood-spec-60th-anniversary-custom-shop-59-les-paul-standard-historic-reissue,5999.0,Mint,,2019,Wildwood Spec Custom Shop '59 Les Paul Standard Historic 60th Anniversary Reissue Gloss,Kindred Burst - Gloss,,8.281,,,,,,,PAF,True,,,2026-07-30,2026-08-09
g181,les_paul,64.0,ACTIVE,Moe's Guitars,https://reverb.com/item/99290734-gibson-les-paul-1960-ro-2004-sunburst,5999.0,Excellent,,2004,Les Paul 1960 Reissue (RO),Sunburst,prefix,8.69,,,,,,,,True,,,2026-07-30,2026-08-09
g187,les_paul,64.0,ACTIVE,The Mix Doc,https://reverb.com/item/97679807-gibson-custom-shop-60-les-paul-standard-reissue-2019-present-iced-tea-burst-vos,5449.95,Excellent,,2019 - Present,Custom Shop '60 Les Paul Standard Reissue,Iced Tea Burst VOS,,8.6,,,,,,,,True,,,2026-07-30,2026-08-09
g216,les_paul,64.0,ACTIVE,The Mouseion Collection,https://reverb.com/item/40243504-gibson-custom-shop-60th-anniversary-59-les-paul-standard-reissue-slow-iced-tea-fade,5999.0,Excellent,,2019,Custom Shop 60th Anniversary '59 Les Paul Standard Reissue,Slow Iced Tea Fade,,8.688,,,,,,,,True,,,2026-07-30,2026-08-09
g307,les_paul,64.0,ACTIVE,Thunder Road Guitars PDX,https://reverb.com/item/99913038-2022-gibson-custom-shop-les-paul-r7-murphy-lab-uha-gold-top-72604-pdx,6529.0,Excellent,,2022,Custom Shop 1957 Les Paul R7 Murphy Lab Ultra Heavy Aged,Gold Top,72604,8.9375,1.6875,0.91,1.0,'57 rounded (.91/1.00),,,Custombuckers,True,none stated / all original,,2026-08-01,2026-08-09
g096,es_335,63.8,ACTIVE,Reverb – Killer Vintage Specialty Guitars,https://reverb.com/item/87255551-gibson-es-335td-1974-cherry,5999.0,"Very Good (all original, light checking, minimal fret wear)","Dallas, TX",1974,Gibson ES-335TD,Cherry,511122,7.312,1.602,,,"Not measured; dealer: 'very comfortable, doesn't get too chunky up the neck'","No caliper depths; described comfortable, not chunky","12""","Original pickups/pots (T-Top era), untouched electronics",Non-original good-quality aftermarket hardshell case,None - all original,dealer measured,2026-07-21,2026-08-09
g261,les_paul,63.8,ACTIVE,Guitar Showcase,https://reverb.com/item/80479067-gibson-1960-reissue-les-paul-v2-001655-2021-tomato-soup-burst,6995.0,Brand New,,2021,1960 Reissue Les Paul V2 #001655,Tomato Soup Burst,001655,8.688,,,,,,,,False,changed,,2026-07-30,2026-08-09
g268,les_paul,63.8,ACTIVE,Guitar Showcase,https://reverb.com/item/79753614-gibson-custom-shop-60th-anniversary-60-les-paul-standard-001515-reissue-v2-2020-tomato-soup-burst,6999.0,Brand New,,2020,Custom Shop 60th Anniversary '60 Les Paul Standard Reissue #001515  V2,Tomato Soup Burst,001515,9.0,,,,V2,,,Custombucker,False,changed,,2026-07-30,2026-08-09
g270,les_paul,63.7,ACTIVE,Guitar Showcase,https://reverb.com/item/79433737-gibson-custom-shop-60th-anniversary-60-les-paul-standard-reissue-02007-2020-v1-antiquity-burst,6999.0,Brand New,,2021,Custom Shop 60th Anniversary '60 Les Paul Standard Reissue  #02007,Antiquity Burst,02007,8.1,,,,V1 neck,,,Custombucker,False,changed,,2026-07-30,2026-08-09
g163,es_335,63.6,ACTIVE,TR Crandall Guitars,https://trcrandall.com/products/2011-gibson-es-335,2999.0,Good (repaired headstock crack),,2011,Custom Shop ES-335 (Memphis-built),,,,,0.83,0.93,,,,,True,,,2026-07-30,2026-08-09
g169,les_paul,63.5,ACTIVE,Michael's Gear Outlet,https://reverb.com/item/97970400-gibson-custom-shop-57-les-paul-goldtop-reissue-2019-present-double-gold-vos,3292.0,Very Good,,2019 - Present,Custom Shop '57 Les Paul Goldtop Reissue,Double Gold VOS,,8.5,,,,,,,,,,,2026-07-30,2026-08-09
g180,les_paul,63.5,ACTIVE,JCFI,https://reverb.com/item/99454997-2023-gibson-usa-murphy-lab-59-les-paul-standard-r9-reissue-ultra-light-aged-1959-cobra-burst-guitar,4759.59,Very Good,,2023,Custom Shop Murphy Lab '59 Les Paul Standard Reissue Ultra Light Aged,Cobra Burst,934130 Here,8.8,,,,,,,,,,,2026-07-30,2026-08-09
g197,les_paul,63.5,ACTIVE,PedalsToMetal/EvanBuysPedals Showroom OPEN TO THE PUBLIC,https://reverb.com/item/93424133-2000-gibson-custom-shop-57-les-paul-standard-reissue-8lbs-6-2oz-x9573,4199.0,Very Good,,2000,Custom Shop Special Order '57 Les Paul Standard Reissue,,,8.39,,,,,,,,,,,2026-07-30,2026-08-09
g209,les_paul,63.5,ACTIVE,Rock City Sound,https://reverb.com/item/99754209-2011-gibson-custom-shop-59-les-paul-standard-reissue-washed-cherry-burst-vos-8-6-lbs,4150.0,Very Good,,2006 - 2012,Custom Shop '59 Les Paul Standard Reissue,Washed Cherry Burst VOS,,8.6,,,,,,,Burstbucker 1,True,,,2026-07-30,2026-08-09
g255,les_paul,63.5,ACTIVE,Guitar Showcase,https://reverb.com/item/80788304-gibson-custom-shop-60th-anniversary-59-les-paul-standard-reissue-92002-kindred-burst-gloss,7995.0,Brand New,,2021,Custom Shop 60th Anniversary '59 Les Paul Standard Reissue  #92002,Kindred Burst Gloss,92002,8.588,,,,,,,,False,changed,,2026-07-30,2026-08-09
g260,les_paul,63.5,ACTIVE,Guitar Showcase,https://reverb.com/item/80479281-gibson-1960-reissue-les-paul-v2-001553-2020-tomato-soup-burst,6995.0,Brand New,,2020,1960 Reissue Les Paul V2 #001553,Tomato Soup Burst,001553,8.812,,,,,,,,False,changed,,2026-07-30,2026-08-09
g305,les_paul,63.5,SOLD,Mike's Gear,https://reverb.com/item/99910854-gibson-les-paul-1960-reissue-custom-g0-r0-2008-dark-burst,3299.0,Very Good,,2008,1960 Les Paul Reissue R0 (G0 Guitar Center run),Dark Burst,,8.6,,,,,,,,True,none stated / all original,,2026-08-01,2026-08-04
g121,es_335,63.5,ACTIVE,Reverb – Southside Guitars,https://reverb.com/item/96881305-gibson-es-335-1974-cherry-red,4650,Very Good,"Brooklyn, NY",1974,Gibson ES-335,Cherry Red,418063,,,,,"Not stated (1974 Norlin era - expected slim taper, 1-9/16 nut)",,,Seymour Duncan (non-original),Non-original hard case,"Duncan pickups, Grover tuners, Nashville-style bridge, non-original pots/electronics, refret with neck binding replaced; original finish",unstated,2026-07-24,2026-08-09
g250,les_paul,63.3,ACTIVE,Detroit Guitar,https://reverb.com/item/83948236-gibson-custom-m2m-58-les-paul-standard-factory-burst-murphy-lab-light-aged,7299.0,Brand New,,,M2M '58 Les Paul Standard Factory Burst Murphy Lab Light Aged,Factory Burst,841241,8.875,,,,,,,Custombucker,True,,,2026-07-30,2026-08-09
g304,les_paul,63.2,ACTIVE,G-Brat's Guitars,https://reverb.com/item/99948932-2025-gibson-les-paul-custom-chambered-custom-shop-murphy-lab-ultra-light-aged-ebony,5999.0,Excellent,,2025,Les Paul Custom Murphy Lab Ultra Light Aged (chambered),"Ebony, Ultra Light Aged",CS50XXXX (partial in listing),8.3,,0.883,0.996,Medium C (.883/.996),,,Custombuckers,True,none stated / all original,,2026-08-01,2026-08-09
g190,les_paul,63.1,ACTIVE,Round Hill Music Co,https://reverb.com/item/96024858-gibson-custom-1959-les-paul-standard-reissue-vos-dirty-lemon,6699.0,Brand New,,1959,1959 Les Paul Standard Reissue VOS,,,8.4,,,,,,,,,,,2026-07-30,2026-08-09
g191,les_paul,63.1,ACTIVE,Round Hill Music Co,https://reverb.com/item/96024784-gibson-custom-1960-les-paul-standard-reissue-vos-washed-cherry-sunburst,6699.0,Brand New,,1960,1960 Les Paul Standard Reissue VOS,,,8.3,,,,,,,,,,,2026-07-30,2026-08-09
g125,es_335,63.0,ACTIVE,Reverb – Lidgett Music,https://reverb.com/item/99618148-gibson-custom-shop-murphy-lab-ultra-light-es-335-natural-blonde-pre-owned,4199,Very Good (real-world wear beyond the factory Ultra Light aging),"Council Bluffs, IA",2022,"Gibson Custom Shop 1959 ES-335 Reissue, Murphy Lab Ultra Light Aged",Vintage Natural (blonde),Dealer SKU A921245 (serial unpublished),7.88,1.67,0.89,0.98,'59 rounded (implied by model),Big '59 neck - not the slim target,,"Custombuckers (stock), neck 7.87k / bridge 7.82k",True,None stated; original hardshell case,dealer measured,2026-07-25,2026-08-09
g185,les_paul,63.0,ACTIVE,Marx Music,https://reverb.com/item/98383160-gibson-les-paul-custom-shop-historic-vos-1959-r9-reissue-2013-heritage-cherry-sunburst,5199.99,Very Good,,2013,Les Paul Custom Shop Historic VOS 1959 R9 Reissue,Heritage Cherry Sunburst,,8.5,,,,,,,,,,,2026-07-30,2026-08-09
g284,es_335,63.0,ACTIVE,MIMOSA MUSIC,https://reverb.com/item/93642232-2018-gibson-es-335-dot-graphite-metallic-near-mint-w-ohc-case-candy-memphis-335-dot-reissue-cool,3599.99,Excellent,"Brentwood, TN",2018,Memphis ES-335 Dot,Graphite Metallic,,7.675,,,,,,,MHS,OHSC + COA + case candy,,,2026-07-30,2026-08-09
g210,les_paul,63.0,ACTIVE,Shred Stars Axe Boutique,https://reverb.com/item/99501243-gibson-gibson-custom-shop-murphy-lab-1954-les-paul-standard-cme-spec-2023-murphy-lab-ultra-light-aged-ebony,5999.0,Excellent,,2023,"Gibson Custom Shop Murphy Lab 1954 Les Paul Standard ""CME Spec""",Murphy Lab Ultra Light Aged - Ebony,,8.875,,,,,,,,False,,,2026-07-30,2026-08-09
g178,les_paul,62.8,ACTIVE,Priddy Guitars,https://reverb.com/item/89668349-2003-gibson-les-paul-1959-reissue-r9-10-yrs-authentic-road-wear,5500.0,Very Good,,2003,Custom Shop '59 Les Paul Standard Reissue,Sunburst,,8.81,,,,,,,,True,,,2026-07-30,2026-08-09
g251,les_paul,62.8,ACTIVE,Guitar Showcase,https://reverb.com/item/81320081-gibson-custom-shop-60th-anniversary-60-les-paul-standard-reissue-v2-2020-tomato-soup-burst-001520,6999.0,Brand New,,2020,Custom Shop 60th Anniversary '60 Les Paul Standard Reissue V2,Tomato Soup Burst #001520,,8.85,,,,,,,,False,changed,,2026-07-30,2026-08-09
g056,es_335,62.6,ACTIVE,Carter Vintage Guitars,https://cartervintage.com/shop/gibson-es-335-1972-sunburst/38GPSn7I4GialjOzgpDyA5HFaX2,6250,"Used - vintage, player-grade with recent refret; factory 2nd stamp","Nashville, TN",1972,Gibson ES-335 (Norlin),Sunburst,,8.0,1.59,0.862,0.97,C,"Early-70s narrow-nut C carve, fuller depth front-to-back","12""",Original patent-sticker T-Tops (7.5k / 7.5k),Period-correct hard shell case,"Recent refret, new nut, replacement Kluson tuners, previous owner's name/SSN etched into pickguard",dealer measured,2026-07-19,2026-08-09
g272,les_paul,62.5,ACTIVE,The Toys In The Attic ,https://reverb.com/item/76970815-gibson-custom-shop-les-paul-standard-r0-2007,5195.0,Excellent,,2007,Custom Shop Les Paul Standard R0,,,8.9,,,,,,,,True,,,2026-07-30,2026-08-09
g188,les_paul,62.4,ACTIVE,Watchtower Guitars,https://reverb.com/item/97667664-2019-gibson-1960-les-paul-standard-reissue-r0-royal-teaburst,4895.0,Excellent,,1960,2019 Gibson 1960 Les Paul Standard Reissue R0 Royal Teaburst,,,8.88,,,,,,,,True,,,2026-07-30,2026-08-09
g201,les_paul,62.4,ACTIVE,Mountain Cat Guitars,https://reverb.com/item/78146826-gibson-les-paul-56-custom-shop-reissue-2001,5400.0,Excellent,,2001,Les Paul 56 Custom Shop Reissue,,,8.88,,,,,,,,,,,2026-07-30,2026-08-09
g256,les_paul,62.4,ACTIVE,Guitar Showcase,https://reverb.com/item/80757084-gibson-custom-shop-60th-anniversary-60-les-paul-standard-reissue-deep-cherry-sunburst-02002,6995.0,Brand New,,2021,Custom Shop 60th Anniversary '60 Les Paul Standard Reissue #02002,Deep Cherry Sunburst,02002,8.231,,,,,,,,False,changed,,2026-07-30,2026-08-09
g345,es_335,62.3,ACTIVE,Reverb – Audiomo Music,https://reverb.com/item/100284026-2016-gibson-memphis-es-335-block-satin-cherry,2699.99,"Very Good - hard-to-photograph surface scratch on rear treble side (common on satin Gibsons), a few scratches from use; no repairs; no fret divots or pitting; all electronics function","Tampa, FL",2016,Gibson Memphis ES-335 Block,Satin Faded Cherry,,7.75,,0.86,0.99,"Rounded C but fuller/more broken-in than current production, per seller - 'less shoulder'",,,not stated - 2016 Memphis Block ships MHS humbuckers; confirm with seller,True,Gotoh tuners installed (original Grovers included in case),,2026-08-09,2026-08-09
g118,es_335,62.2,SOLD,Reverb – JJ's Guitars (private seller),https://reverb.com/item/99663197-gibson-es-335-dot-1991-2014-antique-natural,2424,Very Good,"Appleton, WI",2006,Gibson ES-335 Dot (Memphis),Antique Natural,,7.8,1.695,,,Medium '60s profile (seller description),,,Gibson '57 Classic humbuckers,,"None - all original, no breaks or repairs",factory spec,2026-07-23,2026-07-23
g177,les_paul,62.2,ACTIVE,Tone Wolf,https://reverb.com/item/90197132-gibson-custom-shop-1960-les-paul-reissue-gloss-2014-bourbon-burst,3799.0,Good,,2014,1960 Reissue Les Paul Gloss,Bourbon Burst,,8.69,,,,,,,,True,,,2026-07-30,2026-08-09
g192,les_paul,62.2,ACTIVE,Round Hill Music Co,https://reverb.com/item/96023515-gibson-custom-1959-les-paul-standard-reissue-ultra-light-aged-factory-burst,7199.0,Brand New,,1959,1959 Les Paul Standard Reissue Ultra Light Aged,,,8.7,,,,,,,,,,,2026-07-30,2026-08-09
g097,es_335,62.1,ACTIVE,Reverb – Guitar Riot,https://reverb.com/item/99524695-gibson-es-335-ebony-50025-pre-owned,2999.0,Excellent (documented dent on top of headstock; light pickguard scratches),"Cleveland, OH",2025,Gibson USA ES-335 (Dot),Ebony,,7.938,1.7,0.85,0.97,Rounded C,Rounded C - thicker than target; 1st fret .85 exceeds band,"12""","Calibrated T-Type humbuckers, hand-wired harness, orange drop caps",Gibson hardshell case + accessory kit,None noted,dealer measured,2026-07-21,2026-08-09
g306,les_paul,62.1,SOLD,Gulf Doc Music,https://reverb.com/item/99920259-gibson-custom-shop-dealer-limited-1957-les-paul-standard-refin-burst-ultra-heavy-aged,6799.0,Excellent,,2026,"Custom Shop Dealer Limited 1957 Les Paul Standard, Ultra Heavy Aged",Refin Burst,,8.5625,,,,,,,,True,none stated / all original,,2026-08-01,2026-08-01
g310,es_335,62.1,ACTIVE,Guitar Chimp,https://reverb.com/item/95642940-2017-gibson-es-335-figured-aquamarine-ohsc,3299,Excellent,"Salt Lake City, UT",2017,ES-335 Figured (Memphis),Aquamarine,13397725,8.0,1.7,0.83,0.98,Rounded C,,,Gibson MHS humbuckers (stock),OHSC,none - all original,,2026-08-01,2026-08-09
g315,es_335,62.0,ACTIVE,Wild West Guitars,https://reverb.com/item/84093879-gibson-custom-shop-1959-es-335-reissue-vos-vintage-natural-7-70-lbs,5999,Brand New,"Pasadena, CA",2023,Custom Shop 1959 ES-335 Reissue VOS,Vintage Natural,,7.7,1.69,,,Authentic '59 Medium C,,,Custombucker Alnico III unpotted,Gibson brown/pink Custom Shop hardshell,none - new,,2026-08-01,2026-08-09
g184,les_paul,61.9,ACTIVE,Planet 5150,https://reverb.com/item/98907010-gibson-custom-59-m2m-les-paul-standard-reissue-vos-with-hand-selected-top,6899.0,Excellent,,2025,Custom Shop M2M '59 Les Paul Standard Reissue Light Aged,Green Lemon Fade,,8.54,,,,,,,,,,,2026-07-30,2026-08-09
g352,es_335,61.9,ACTIVE,Reverb – Austin Vintage Guitars,https://reverb.com/item/92253310-2018-gibson-memphis-es-355-graphite,4399,Excellent,"Austin, TX",2018,"ES-355 (Gibson Memphis, limited edition)",Graphite (metallic),,7.5,,,,,,,Not stated in listing - 2018 Memphis ES-355 shipped with MHS (PAF-style alnico) humbuckers; confirm with dealer,True,None - stated all original,,2026-08-09,2026-08-09
g048,es_335,61.8,SOLD,Wildwood Guitars,https://wildwoodguitars.com/products/wwcongb111834-2022-custom-shop-1964-wildwood-spec-es-335,5299,"Used (pre-owned, tagged Used by dealer)","Louisville, CO",2022,Gibson Custom Shop Wildwood Spec 1964 ES-335 Reissue,Viking Red (gloss nitrocellulose),111834,7.76,1.689,0.89,0.97,'64 Medium C (Wildwood Spec),"Fuller '64 rounded C, .890/.970 - above target depth windows","12""",2 Wildwood Spec Custombuckers,Gibson Custom hardshell ('Candy' case),,dealer measured,2026-07-19,2026-07-24
g166,les_paul,61.8,ACTIVE,Southside Guitars,https://southsideguitars.com/products/2013-Gibson-R9-Les-Paul-Standard-1959-Reissue-Sunburst-VOS-p835694401,5250,,,2013,Custom Shop 1959 Les Paul Standard Reissue (R9) VOS,Cherry Sunburst,,8.68,,,,,,,,True,,,2026-07-30,2026-08-09
g134,es_335,61.7,PRICE DROP,Reverb – Rodrigo's Gear,https://reverb.com/item/99773826-gibson-61-es-335-reissue-2025-vos-vintage-burst,4100.0,"Excellent (light play wear, all original)","Orlando, FL",2025,Gibson Custom Shop 1961 ES-335 Reissue VOS,Vintage Burst,,7.8,1.687,,,'61 SlimTaper per model spec; carve measurements not published,,"12""","Custombuckers (stock, all original)",Confirm - not explicit in listing,None; fresh professional setup,dealer measured,2026-07-27,2026-08-09
g019,es_335,61.5,ACTIVE,Reverb – Kelley's Guitars,https://reverb.com/item/93155790-2025-gibson-custom-1961-es-335-reissue-sixties-cherry-7-lb-10-oz,4999.0,Mint (like new),"Grants Pass, OR",2025,Gibson Custom Shop 1961 ES-335 Reissue VOS,Sixties Cherry,,7.63,1.687,,,"SlimTaper 60s C (factory spec, scanned from originals)",Slim-taper C — the fast '61 carve,12 in (factory spec),"Custombucker Alnico III, unpotted (factory spec)",Custom Shop hardshell case + COA,None,factory spec,2026-07-19,2026-08-09
g199,les_paul,61.5,ACTIVE,Garage Studio,https://reverb.com/item/92422625-gibson-les-paul-r6-goldtop-1956-reissue,3699.0,Very Good,,2006 - 2012,Custom Shop '56 Les Paul Goldtop Reissue,Gold Top Gloss,,8.9,,,,,,,,True,,,2026-07-30,2026-08-09
g348,es_335,61.4,ACTIVE,Reverb – Lovies Guitars,https://reverb.com/item/98748443-2023-gibson-es-345-semi-hollow-electric-guitar-gloss-sunburst-ohsc,2995,Excellent (dealer 9.6/10),"Thousand Oaks, CA",2023,ES-345,Gloss Sunburst,206530190,7.8,1.6875,0.855,0.97,,,,"Gibson Calibrated T-Type humbuckers (PAF-style alnico, modern) - neck & bridge",True,None stated; all original,,2026-08-09,2026-08-09
g189,les_paul,61.1,ACTIVE,Round Hill Music Co,https://reverb.com/item/96025530-gibson-custom-1959-les-paul-standard-reissue-vos-iced-tea-burst,6699.0,Brand New,,1959,1959 Les Paul Standard Reissue VOS,,,8.9,,,,,,,,,,,2026-07-30,2026-08-09
g276,es_335,61.1,ACTIVE,MIMOSA MUSIC,https://reverb.com/item/98671529-2019-gibson-es-335-figured-blueberry-burst-near-mint-condition-memphis-es-335-figured-w-ohc-coa-near-mint-blueberry-burst-cool,3399.99,Excellent,"Brentwood, TN",2019,Memphis ES-335 Figured,Figured Blueberry Burst,,7.3063,,,,,,,MHS PAF-style (stock; not stated),Original hardshell case + COA,,,2026-07-30,2026-08-09
g277,es_335,60.9,ACTIVE,Austin Vintage Guitars,https://reverb.com/item/98613687-gibson-memphis-es-335-big-block-retro-2018-wood-rose-w-ohsc,4399.0,Very Good,"Austin, TX",2018,Memphis ES-335 Big Block Retro,Wood Rose w/OHSC,,7.5,,,,,,,Not stated (Big Block Retro shipped with MHS),Original case + COA,,,2026-07-30,2026-08-09
g195,les_paul,60.7,ACTIVE,Round Hill Music Co,https://reverb.com/item/96024681-gibson-custom-1957-les-paul-custom-reissue-2-pickup-vos-ebony,6899.0,Brand New,,1957,1957 Les Paul Custom Reissue 2-Pickup VOS,,,8.9,,,,,,,,,,,2026-07-30,2026-08-09
g318,les_paul,60.5,PRICE DROP,Reverb private seller (arts-gear-depot-3),https://reverb.com/item/100066819-gibson-1957-les-paul-historic-light-murphy-aged-2025-black,5150.0,Excellent,,2025,Gibson Custom Shop Murphy Lab 1957 Les Paul (PSL run) Light Aged,Ebony/Black with aged nickel hardware,,8.5625,,,,"Carmelita (PSL spec, vs stock '57 baseball bat)",,,Stock (unspecified),True,"None; original owner, serial-numbered box, case candy",,2026-08-04,2026-08-09
g321,es_335,60.5,PRICE DROP,Reverb private seller (dogwod-guitars),https://reverb.com/item/100070866-gibson-63-es-335-2009-cherry-red,4200.0,Excellent (collector grade),,2009,Gibson Custom Shop Historic 1963 ES-335 Reissue (block neck),Cherry Red,,8.0,,,,Full/comfortable (unspecified),,,57 Classic,,None stated,,2026-08-04,2026-08-09
g193,les_paul,60.3,ACTIVE,Round Hill Music Co,https://reverb.com/item/96023299-gibson-custom-1959-les-paul-standard-reissue-light-aged-cherry-teaburst,8199.0,Brand New,,1959,1959 Les Paul Standard Reissue Light Aged,,,8.4,,,,,,,,,,,2026-07-30,2026-08-09
g194,les_paul,60.3,ACTIVE,Round Hill Music Co,https://reverb.com/item/96023184-gibson-custom-1959-les-paul-standard-reissue-light-aged-dirty-lemon,8199.0,Brand New,,1959,1959 Les Paul Standard Reissue Light Aged,,,8.8,,,,,,,,,,,2026-07-30,2026-08-09
g311,es_335,60.3,ACTIVE,Austin Vintage Guitars,https://reverb.com/item/92253315-gibson-figured-es-335-2018-cherry,3699,Excellent,"Austin, TX",2018,ES-335 Figured (Memphis),Figured Cherry,,7.3125,,,,,,,not stated (stock on 2018 Figured is MHS),OHSC + COA + inspection certificate,none noted; clear pickguard included,,2026-08-01,2026-08-09
g179,les_paul,60.0,PRICE DROP,GOTHIC CITY GUITARS,https://reverb.com/item/99821938-2012-gibson-custom-shop-les-paul-59-reissue-r9-rare-crimson-burst-mint-w-ohsc-coa-tags-8-lbs-12-oz,5795.0,Mint,,2012,Les Paul,Crimson Burst,,8.75,,,,,,,,True,,,2026-07-30,2026-08-09
g229,les_paul,60.0,ACTIVE,Here for Music inc.,https://reverb.com/item/92158339-gibson-custom-shop-les-paul-1960-reissue-50th-anniversary-version-1-guitar-2010,5999.0,Very Good,,2010,Custom Shop Les Paul 1960 Reissue 50th Anniversary Version 1 Guitar,,,8.95,,,,,,,,False,upgrade,,2026-07-30,2026-08-09
g162,les_paul,59.8,ACTIVE,TR Crandall Guitars,https://trcrandall.com/products/2000-gibson-custom-shop-reissue-1957-les-paul,5499.0,,,2000,Custom Shop 1957 Les Paul Reissue,,,8.9,,,,,,,,True,,,2026-07-30,2026-08-09
g322,es_335,59.7,ACTIVE,"Jake Wildwood (Rochester, VT)",https://reverb.com/item/99705719-2022-gibson-custom-shop-64-reissue-es-335-semihollow-electric-guitar-video-fresh-setup-ready,4950,Very Good (essentially mint),,2022,Gibson Custom Shop 1964 ES-335 Reissue (light aged),Sixties Cherry (aged clearcoat),,7.75,1.6875,0.88,,Medium C (0.88 1st / 0.98 7th fret),,,2x humbucker (stock),,"None; fresh setup, demo video",,2026-08-04,2026-08-09
g132,es_335,59.5,ACTIVE,Mike & Mike's Guitar Bar,https://mmguitarbar.com/products/2020-gibson-custom-shop-historic-1964-gibson-es-335-vos-vintage-burst-w-case-tags-coa,4599.99,"Excellent - 100% original, perfect working order","Seattle, WA",2020,Gibson Custom Shop Historic 1964 ES-335TD Reissue (VOS),Vintage Burst (VOS nitro),10-prefix (2020); full serial unpublished,7.63,1.6875,0.89,0.965,Authentic '64 Medium C - dealer describes as chunky,Full-shouldered medium C; NOT the slim target,,"Custombucker PAF x2, unpotted Alnico III",Gibson USA brown hardshell (non-original) + serialized COA + hangtags,None - 100% original; light clear-coat scratches near bass f-hole,dealer measured,2026-07-26,2026-08-09
g171,les_paul,59.5,ACTIVE,MDohn,https://reverb.com/item/95250208-gibson-les-paul-reissue-1959-slow-iced-tea-fade-murphy-lab-heavy-aged,8499.99,Excellent,,2025,Les Paul Reissue,"Slow Iced Tea Fade, Murphy Lab Heavy Aged",952632 Weight,8.56,,,,,,,,,,,2026-07-30,2026-08-09
g182,les_paul,59.5,SOLD,East Coast Gear Shop ,https://reverb.com/item/99245485-gibson-gibson-custom-shop-60th-anniversary-59-les-paul-washed-cherry-tom-murphy-painted-and-aged-washed-cherry-tom-murphy-painted-and-aged,9999.99,Excellent,,2019-2020,Les Paul Custom Shop 59 1959 Tom Murphy,Washed Cherry,,8.62,,,,,,,,,,,2026-07-30,2026-08-04
g198,les_paul,59.5,ACTIVE,6strings4sale,https://reverb.com/item/93399821-2000-gibson-custom-shop-1959-historic-les-paul-reissue-lpr9-bourbon-burst-8lbs-6oz,6590.0,Excellent,,2000,1959 Historic Les Paul Reissue,Bourbon Burst,,8.38,,,,,,,,,,,2026-07-30,2026-08-09
g200,les_paul,59.5,ACTIVE,Watchtower Guitars,https://reverb.com/item/92091825-2023-gibson-1959-les-paul-standard-reissue-r9-cme-exclusive-dirty-lemon-59-carmelita-neck,5495.0,Excellent,,2023,2023 Gibson 1959 Les Paul Standard Reissue R9 CME Exclusive Dirty Lemon '59 Carmelita Neck,,,8.69,,,,,,,,True,,,2026-07-30,2026-08-09
g206,les_paul,59.5,ACTIVE,Tone House,https://reverb.com/item/99060705-2011-tokai-les-paul-custom-style-electric-guitar-black,999.99,Very Good,,2011,Les Paul Custom Style,Black,CN11030323 Fini,9.0,,,,,,,,,,,2026-07-30,2026-08-09
g214,les_paul,59.5,SOLD,Tee Dubya,https://reverb.com/item/98653334-gibson-custom-shop-r0-1960-s-reissue-70th-anniversary-les-paul-with-extras,4595.0,Excellent,,2022,Les Paul,,,8.7,,,,,,,,True,upgrade,,2026-07-30,2026-08-04
g217,les_paul,59.5,ACTIVE,Zach ,https://reverb.com/item/98106512-2020-gibson-custom-shop-60th-anniversary-r0-vos-les-paul-standard-8-8-lbs-coa,4298.0,Excellent,,2020,Les Paul,Tomato Soup Burst,,8.8,,,,,,,,True,,,2026-07-30,2026-08-09
g309,les_paul,59.3,ACTIVE,Lovies Guitars ,https://reverb.com/item/94093117-unplayed-2025-gibson-custom-shop-1958-reissue-les-paul-standard-electric-guitar-murphy-lab-light-aged-cherry-sunburst-coa-ohsc,5995.0,Excellent,,2025,"Custom Shop 1958 Les Paul Standard Reissue, Murphy Lab Light Aged",Cherry Sunburst,85179,8.45,1.6875,0.9,1.0,"Authentic '58 (chunky, .900/1.000)",,,Gibson Custom Shop humbuckers (original),True,none stated / all original,,2026-08-01,2026-08-09
g174,les_paul,59.2,ACTIVE,Tone Wolf,https://reverb.com/item/93978568-gibson-custom-shop-1959-les-paul-reissue-historic-makeovers-deluxe-package-2013-darkburst,9799.0,Excellent,,2013,1959 Les Paul Reissue Historic Makeovers Deluxe Package,Darkburst,,8.81,,,,,,,,True,,,2026-07-30,2026-08-09
g243,les_paul,59.1,ACTIVE,Wildwood Guitars,https://reverb.com/item/88321999-gibson-custom-shop-wildwood-spec-1957-les-paul-standard-gloss,6699.0,Brand New,,,Les Paul Standard,Silver Sparkle Finish Type: Gloss,,8.53,1.6875,0.92,1.02,,,,2 Custom Buckers wound to Wildwood Spec,True,,,2026-07-30,2026-08-09
g249,les_paul,59.1,ACTIVE,Wildwood Guitars,https://reverb.com/item/86055359-gibson-custom-shop-wildwood-spec-1957-les-paul-standard-gloss,6699.0,Brand New,,,Les Paul Standard,Brunswick Blue Sparkle Finish Type: Gloss,,8.8,1.6875,0.91,1.02,,,,2 Custom Buckers wound to Wildwood Spec,True,,,2026-07-30,2026-08-09
g020,es_335,59.0,ACTIVE,Reverb – WildCat Guitars,https://reverb.com/item/92138418-gibson-custom-shop-1961-es-335-reissue-vos-sixties-cherry-131130,5999.0,Brand New,"Escondido, CA",2024,Gibson Custom Shop 1961 ES-335 Reissue VOS,Sixties Cherry,131130,7.71,1.687,,,SlimTaper 60s C,"Slim-taper C, scanned from original '61s",12 in,Custombucker Alnico III (unpotted),Gibson Custom Shop black/yellow hardshell case,None,dealer measured,2026-07-19,2026-08-09
g021,es_335,59.0,SOLD,Reverb – Chicago Music Exchange,https://reverb.com/item/98162551-gibson-custom-shop-1961-es-335-reissue-60s-cherry-murphy-lab-ultra-light-aged-serial-160433,6499.0,Brand New,"Chicago, IL",2026,Gibson Custom Shop 1961 ES-335 Reissue Murphy Lab Ultra Light Aged,Sixties Cherry (ML Ultra Light Aged),160433,7.63,1.687,,,SlimTaper 60s C,"Slim-taper C, long tenon, hide-glue fit",12 in (factory spec),Custombucker Alnico III (unpotted),Hardshell case,None (factory Murphy Lab aging),dealer measured,2026-07-19,2026-07-21
g027,es_335,59.0,ACTIVE,Dave's Guitar Shop,https://davesguitar.com/products/1961-es-335-reissue-sixties-cherry-2,5999,New,"Madison, WI",,Gibson Custom Shop 1961 ES-335 Reissue,Sixties Cherry (VOS),,7.6,1.69,,,60s SlimTaper C (scanned from originals),,"12""",Unpotted Custombucker Alnico III (neck & bridge),True,,dealer measured,2026-07-19,2026-08-09
g028,es_335,59.0,ACTIVE,Dave's Guitar Shop,https://davesguitar.com/products/1961-es-335-reissue-vintage-burst-7,5999,New,"La Crosse, WI",,Gibson Custom Shop 1961 ES-335 Reissue,Vintage Burst (VOS),,7.6,1.69,,,60s SlimTaper C (scanned from originals),,"12""",Unpotted Custombucker Alnico III (neck & bridge),True,,dealer measured,2026-07-19,2026-08-09
g029,es_335,59.0,SOLD,Dave's Guitar Shop,https://davesguitar.com/products/1964-es-335-reissue-sixties-cherry-3,5999,New,"La Crosse, WI",,Gibson Custom Shop 1964 ES-335 Reissue,Sixties Cherry (VOS),,7.6,1.69,,,Slim taper 60s C (scanned from originals),,"12""",Unpotted Custombucker Alnico III (neck & bridge),True,,dealer measured,2026-07-19,2026-07-28
g057,es_335,59.0,ACTIVE,Carter Vintage Guitars,https://cartervintage.com/shop/gibson-custom-shop-1959-es-335-2023-natural/3A8OylqSwkjF3gsUl115ryO8dOy,4850,"Used - very clean, minor wear only","Nashville, TN",2023,Gibson Custom Shop 1959 ES-335 Reissue,Natural,,8.0,1.688,0.894,0.953,C (Medium C '59 spec),Hand-filling but not oversized per dealer description,"12""","Burstbuckers (7.8k / 7.8k), appears unmodified",OHSC and COA,None,dealer measured,2026-07-19,2026-08-09
g030,es_335,59.0,ACTIVE,Dave's Guitar Shop,https://davesguitar.com/products/1964-es-335-reissue-sixties-cherry-5,5999,New,"Madison, WI",,Gibson Custom Shop 1964 ES-335 Reissue,Sixties Cherry (VOS),,7.4,1.69,,,Slim taper 60s C (scanned from originals),,"12""",Unpotted Custombucker Alnico III (neck & bridge),True,,dealer measured,2026-07-19,2026-08-09
g281,es_335,59.0,ACTIVE,Dave's Guitar Shop,https://reverb.com/item/94596267-gibson-custom-shop-1961-es-335-reissue-sixties-cherry,5999.0,Brand New,"La Crosse, WI",,Custom Shop 1961 ES-335 Reissue VOS,,,7.6,1.69,,,60s SlimTaper C,,,Unpotted Custombucker Alnico III,Hardshell case,,,2026-07-30,2026-08-09
g286,es_335,59.0,ACTIVE,Dave's Guitar Shop,https://reverb.com/item/93307662-gibson-custom-shop-1961-es-335-reissue-sixties-cherry,5999.0,Brand New,"La Crosse, WI",,Custom Shop 1961 ES-335 Reissue VOS,,,7.6,1.69,,,60s SlimTaper C,,,Unpotted Custombucker Alnico III,Hardshell case,,,2026-07-30,2026-08-09
g287,es_335,59.0,ACTIVE,Morgan Music,https://reverb.com/item/92946803-gibson-custom-shop-1961-vos-es-335-vintage-sumburst,5999.0,Brand New,"Lebanon, MO",,Custom Shop 1961 ES-335 Reissue VOS,Vintage Sumburst,,7.76,1.687,,,'61 Skinny C,,,Custombucker Alnico III,Hardshell case,,,2026-07-30,2026-08-09
g288,es_335,59.0,ACTIVE,Dave's Guitar Shop,https://reverb.com/item/92451896-gibson-custom-shop-1961-es-335-reissue-vintage-burst,5999.0,Brand New,"La Crosse, WI",,Custom Shop 1961 ES-335 Reissue VOS,,,7.6,1.69,,,60s SlimTaper C,,,Unpotted Custombucker Alnico III,Hardshell case,,,2026-07-30,2026-08-09
g296,es_335,59.0,ACTIVE,Dave's Guitar Shop,https://reverb.com/item/72585987-gibson-custom-shop-1961-es-335-reissue-vintage-burst,5999.0,Brand New,"La Crosse, WI",,Custom Shop 1961 ES-335 Reissue VOS,,,7.8,1.69,,,60s SlimTaper C,,,Unpotted Custombucker Alnico III,Hardshell case,,,2026-07-30,2026-08-09
g344,es_335,58.9,ACTIVE,Reverb – Cream City Music,https://reverb.com/item/100095523-used-gibson-custom-1964-es-335-tdc-murphy-lab-ultra-light-aged-sixties-cherry-2022,4999,"Excellent - factory-aged (nicks, chips, dings, weather checking, aged hardware); frets show only a tiny bit of wear; neck straight, truss rod fine; professionally set up","Brookfield, WI",2022,"Gibson Custom Shop 1964 ES-335 TDC Reissue, Murphy Lab Ultra Light Aged",Sixties Cherry (Ultra Light Aged),,7.71875,1.6875,,,'64 Medium C (scanned from originals),,,Custombucker Alnico 3 humbuckers,True,"None - stock; Kluson Deluxe double-ring Keystone tuners, aluminum stopbar, ABR-1 with nylon saddles",,2026-08-09,2026-08-09
g082,les_paul,58.7,ACTIVE,Reverb – Tone House Studios,https://reverb.com/item/97915190-2025-tokai-love-rock-ls-101f-mij-honey-burst-les-paul-with-gigbag,1499.99,Mint,"West Babylon, NY (Long Island)",2025,Tokai Love Rock LS-101F (MIJ Vintage series),Honey Burst,2551168,9.19,1.69,0.935,1.04,Substantial vintage '50s-style round,"Fat 50s carve, not slim taper",,Stock Tokai PAF-style humbuckers,Original Tokai gigbag,None,dealer measured,2026-07-20,2026-08-09
g062,es_335,58.6,ACTIVE,Rainbow Guitars,https://www.rainbowguitars.com/guitar/gibson-custom-shop/1959-es-335-reissue-murphy-lab-ultra-light-aged-vintage-natural/59es335ulvnnh1092/gb,5199,"Mint, still in case (Murphy Lab factory-aged)","Tucson, AZ",2023,Gibson Custom Shop 1959 ES-335 Reissue Murphy Lab Ultra Light Aged,"Vintage Natural, aged nitro",A930092,7.81,1.69,,,Authentic '59 Medium C (scanned from originals),Medium C - fuller-shouldered than the slim D/C target,"12""","Custombucker Alnico III, unpotted","Gibson hardshell case, COA, all paperwork",None,dealer measured,2026-07-19,2026-08-09
g207,les_paul,58.5,ACTIVE,Kansas City Vintage Guitars,https://reverb.com/item/95596300-2019-gibson-60th-anniversary-tom-murphy-painted-1959-les-paul-wildwood-spec-r9-59,9750.0,Excellent,,2019,2019 Gibson 60th Anniversary TOM MURPHY Painted 1959 Les Paul Wildwood Spec R9 59,,,8.9,,,,,,,Custombucker,True,changed,,2026-07-30,2026-08-09
g327,les_paul,58.2,SOLD,Total Entertainment Music Store,https://reverb.com/item/99952542-gibson-2021-r9-murphy-lab-heavy-relic-poppy-burst-1959-historic-reissue,7699.99,Excellent,"Daytona Beach, FL",2021,Gibson Custom Shop 1959 Les Paul Standard Reissue (R9) Murphy Lab Heavy Aged,Poppy Burst,,8.84,,,,late-50s carve (R9),,,Custombucker PAF-style humbuckers,hardshell case + COA,none stated,,2026-08-04,2026-08-04
g239,les_paul,58.0,ACTIVE,D-Town Guitars,https://reverb.com/item/89330396-2007-gibson-custom-r0-60-les-paul-reissue-cherry-sunburst,4800.0,Excellent,,2007,'60 Les Paul Standard Reissue Vintage,cherry Sunburst,0-7511,8.875,,,,,,,,False,,,2026-07-30,2026-08-09
g111,es_335,58.0,PRICE DROP,Reverb – private seller (Brooklyn),https://reverb.com/item/98424038-ibanez-as153-ays-12-01-2002-present-yellow-sunburst,500.0,Excellent (under 1 hour of play by current owner),"Brooklyn, NY",2012,Ibanez AS153 Artstar 335-style (MIJ tier),Antique Yellow Sunburst,,,,,,Factory: Artstar 3-pc mahogany/maple set neck,,,Stock Ibanez Super 58 humbuckers (per model spec),Original Ibanez hardshell case + cable,None stated,unstated,2026-07-22,2026-08-09
g059,es_335,57.7,ACTIVE,Carter Vintage Guitars,https://cartervintage.com/shop/gibson-murphy-lab-heavy-aged-59-es-335-2026-candy-apple-red-burst/3GH5tjvoI2iLELfnNX9rmt4yMsE,9799,New (Murphy Lab Heavy Aged),"Nashville, TN",2026,Gibson Custom Shop Murphy Lab Heavy Aged '59 ES-335 Reissue,Candy Apple Red Burst,,7.2,1.682,0.897,0.98,Medium C,'59-spec medium C,"12""",Custombuckers (7.8k / 7.8k),OHSC and COA,None (new),dealer measured,2026-07-19,2026-08-09
g183,les_paul,57.5,ACTIVE,New Canaan Music,https://reverb.com/item/99194852-2008-gibson-custom-shop-1959-les-paul-standard-reissue-r9-washed-cherry-sunburst,8000.0,Excellent,,2008,Les Paul R9,,,8.9,,,,,,,,,,,2026-07-30,2026-08-09
g034,es_335,57.2,SOLD,Chicago Music Exchange,https://chicagomusicexchange.com/products/gibson-custom-murphy-lab-64-es-335-ultra-light-aged-2622702,4695,"Used - Excellent (factory relic, minimal wear beyond)","Chicago, IL",2021,Gibson Custom Shop Murphy Lab 1964 ES-335 Ultra Light Aged,Sixties Cherry,140313,7.81,1.6875,0.89,0.98,C profile,,"12""","Original Custombuckers, neck 7.8k / bridge 8.0k",True,None; all-original,dealer measured,2026-07-19,2026-07-19
g051,es_335,57.2,ACTIVE,Willcutt Guitars,https://willcuttguitars.com/products/gibson-64-es-335-reissue-pelham-blue-vos-410-64es335psl18605-130410,6699,New,"Lexington, KY",,"Gibson Custom Shop 1964 ES-335 Reissue VOS, Willcutt Exclusive",Pelham Blue,130410,7.86,1.687,,,Authentic '64 Medium C-Shape,"Medium-C '64 shoulders, fuller than slim target","12""",2 Custombucker Alnico III (unpotted),Black/Yellow Custom Shop hardshell,,dealer measured,2026-07-19,2026-08-09
g108,les_paul,57.0,ACTIVE,Rivington Guitars,https://rivingtonguitars.com/products/1985-tokai-love-rock-les-paul-standard-goldtop,1495,Very Good (all original),"New York, NY (East Village)",1985,"Tokai Love Rock LS Goldtop (mid-1980s MIJ, tier TBD)",Goldtop,,,,,,"Not stated; dealer calls it comfortable, light and resonant",,,Original Tokai humbuckers,Hard case (non-original),None - all original,unstated,2026-07-22,2026-08-09
g196,les_paul,56.9,ACTIVE,Watchtower Guitars,https://reverb.com/item/94688540-1999-gibson-les-paul-40th-anniversary-1959-r9-standard-butterscotch-good-wood-era,6995.0,Very Good,,1999,"1999 Gibson Les Paul 40th Anniversary 1959 R9 Standard Butterscotch ""Good Wood Era""",,,8.88,,,,,,,,True,,,2026-07-30,2026-08-09
g122,les_paul,56.6,ACTIVE,Chicago Music Exchange,https://chicagomusicexchange.com/products/gibson-custom-59-les-paul-standard-reissue-cme-spec-2617696,5495,Used - Good (light signs of use),"Chicago, IL",2017,Gibson Custom Shop '59 Les Paul Standard Reissue CME Spec,Sunburst,971091,8.31,1.6875,0.9,1.01,'59 C profile (CME Spec run),"Full late-50s C carve; thicker than target depths (0.90/1.01), dealer-verified","12""","Original pickups and electronics, 7.9k neck / 7.9k bridge",Original hardshell case,None stated; all original,dealer measured,2026-07-25,2026-08-09
g061,es_335,56.5,ACTIVE,Empire Music,https://empiremusic.com/products/used-gibson-custom-shop-dealer-select-1961-es-335-2026-silver-ebony-60054-with-original-hard-case,4999,Used - Excellent (very light play wear),"Mt. Lebanon (Pittsburgh), PA",2026,Gibson Custom Shop Dealer Select 1961 ES-335 Reissue,"Silver Ebony with black headstock stinger, gloss nitro",160054,7.94,1.68,,,Authentic '61 Thin D,Thin D - low-shouldered early-60s carve,"12""",Gibson '57 Classic (neck and bridge),Original hardshell case,None noted,dealer measured,2026-07-19,2026-08-09
g245,les_paul,56.5,ACTIVE,Wildwood Guitars,https://reverb.com/item/88060900-gibson-custom-shop-wildwood-spec-1957-les-paul-standard-gloss,6699.0,Brand New,,,Les Paul Standard,Red Sparkle Finish Type: Gloss,,8.93,1.6875,0.9,1.01,,,,2 Custom Buckers wound to Wildwood Spec,True,,,2026-07-30,2026-08-09
g064,es_335,56.2,ACTIVE,Rainbow Guitars,https://www.rainbowguitars.com/guitar/gibson/es-335-50s-vintage-natural-new-for-2026/es35500nnnh1/gb,3499,New,"Tucson, AZ",2026,Gibson USA ES-335 '50s,"Vintage Natural, gloss nitro",201460148,7.81,1.695,,,Rounded C ('50s style),Substantial rounded C - fuller than the slim target,"12""",Custombucker Alnico 3,Gibson hardshell case,None,dealer measured,2026-07-19,2026-08-09
g274,es_335,56.2,SOLD,Austin Vintage Guitars,https://reverb.com/item/92253124-gibson-memphis-58-es-335-vos-2018-sunburst,4599.0,Very Good,"Austin, TX",2018,Memphis '58 ES-335 Reissue VOS,Sunburst,,7.9375,,,,,,,MHS PAF-style (stock on Memphis '58 VOS; not stated),Original case + COA,,,2026-07-30,2026-08-01
g058,es_335,55.6,SOLD,Carter Vintage Guitars,https://cartervintage.com/shop/gibson-murphy-lab-light-aged-64-es-335-2026-inverness-green/3GHCu1V95GdWLp2aOi1tlUoL0sZ,8999,New (Murphy Lab Light Aged),"Nashville, TN",2026,Gibson Custom Shop Murphy Lab Light Aged '64 ES-335 Reissue,Inverness Green (double-stinger neck),,7.4,1.677,0.916,0.989,'64 C,"Comfortable '64 carve, 'a good amount of meat without being over the top' per dealer","12""",Custombuckers (7.9k neck / 7.8k bridge),OHSC,None (new),dealer measured,2026-07-19,2026-07-21
g220,les_paul,55.5,ACTIVE,DIABLO GUITARS - AXES OF EVIL!,https://reverb.com/item/96203466-gibson-wildwood-spec-58-les-paul-standard-hand-painted-by-tom-murphy-tom-s-tea-2022-w-ohsc,6999.99,Excellent,,2022,Wildwood Spec 58 Les Paul Standard,Tom's Tea,82274,8.688,1.672,0.901,1.007,Chunky,,,Custombuckers,True,,,2026-07-30,2026-08-09
g228,les_paul,55.1,ACTIVE,Wildwood Guitars,https://reverb.com/item/92453226-gibson-custom-shop-wildwood-spec-1956-les-paul-standard-gloss,5849.0,Brand New,,,Les Paul Standard,Cherry Tea Burst,,8.7,1.6875,0.92,1.02,'50s Rounded,,,2 Custom P-90s w/Alnico III Magnets,True,,,2026-07-30,2026-08-09
g230,les_paul,55.1,ACTIVE,Wildwood Guitars,https://reverb.com/item/91769546-gibson-custom-shop-wildwood-spec-1957-les-paul-standard-gloss,6699.0,Brand New,,,Les Paul Standard,Blue Sparkle Finish Type: Gloss,,8.75,1.6875,0.94,1.02,'50s Chunky D,,,2 Custom Buckers wound to Wildwood Spec,True,,,2026-07-30,2026-08-09
g233,les_paul,55.1,ACTIVE,Wildwood Guitars,https://reverb.com/item/90790908-gibson-custom-shop-wildwood-spec-1956-les-paul-standard-gloss,6699.0,Brand New,,,Les Paul Standard,Red Sparkle Finish Type: Gloss,,8.71,1.6875,0.91,1.03,1950s Chunky D Profile,,,2 Custom P-90s w/Alnico III Magnets,True,,,2026-07-30,2026-08-09
g236,les_paul,55.1,ACTIVE,Wildwood Guitars,https://reverb.com/item/90562131-gibson-custom-shop-wildwood-spec-1956-les-paul-standard-gloss,6699.0,Brand New,,,Les Paul Standard,Ebony Sparkle Finish Type: Gloss,,8.66,1.6875,0.91,1.0,'50s Rounded,,,2 Custom P-90s w/Alnico III Magnets,True,,,2026-07-30,2026-08-09
g240,les_paul,55.1,ACTIVE,Wildwood Guitars,https://reverb.com/item/89141615-gibson-custom-shop-wildwood-spec-1956-les-paul-standard-gloss,5849.0,Brand New,,,Les Paul Standard,Sweet Cherry,,8.53,1.6875,0.89,1.02,'50s Rounded,,,2 Custom P-90s w/Alnico III Magnets,True,,,2026-07-30,2026-08-09
g241,les_paul,55.1,ACTIVE,Wildwood Guitars,https://reverb.com/item/88439548-gibson-custom-shop-wildwood-spec-1956-les-paul-standard-gloss,5849.0,Brand New,,,Les Paul Standard,Sweet Cherry,,8.69,1.6875,0.92,1.02,'50s Rounded,,,2 Custom P-90s w/Alnico III Magnets,True,,,2026-07-30,2026-08-09
g232,les_paul,54.9,ACTIVE,Wildwood Guitars,https://reverb.com/item/91060999-gibson-custom-shop-wildwood-spec-1956-les-paul-standard-gloss,6699.0,Brand New,,,Les Paul Standard,Blue Sparkle Finish Type: Gloss,,8.29,1.6875,0.93,1.02,'50s Chunky D,,,2 Custom P-90s w/Alnico III Magnets,True,,,2026-07-30,2026-08-09
g052,es_335,54.6,ACTIVE,Willcutt Guitars,https://willcuttguitars.com/products/gibson-es-335-50s-ebony-284-es35500ebnh1-235050284,3499,New,"Lexington, KY",2023,Gibson ES-335 '50s (USA),Ebony,235050284,7.95,,0.86,0.97,Rounded '50s C,"Dealer-measured .86-.97 - chunky '50s shoulders, above target windows","12""",Custombucker Alnico 3,Hardshell case included,,dealer measured,2026-07-19,2026-08-09
g360,es_335,53.8,ACTIVE,Rudy's Music,https://rudysmusic.com/products/59-es-345-varitone-bigsby-ebony-heavy-aged-gh,8999,New / in stock,"New York, NY (Manhattan)",2026,"ES-345 (Gibson Custom Limited Edition '59 Reissue, Murphy Lab Heavy Aged)","Ebony, Heavy Aged nitrocellulose",,,,,,Authentic 1959,,,"Custombucker Alnico 3 (PAF-style) - PREFERRED type, nickel covers",True,None - new instrument,,2026-08-09,2026-08-09
g235,les_paul,53.7,ACTIVE,Wildwood Guitars,https://reverb.com/item/90684931-gibson-custom-shop-wildwood-spec-1956-les-paul-standard-gloss,5999.0,Brand New,,,Les Paul Standard,Sapphire Blue Metallic,,8.87,1.6875,0.92,1.01,'50s Rounded,,,2 Custom P-90s w/Alnico III Magnets,True,,,2026-07-30,2026-08-09
g238,les_paul,53.7,ACTIVE,Wildwood Guitars,https://reverb.com/item/90077342-gibson-custom-shop-wildwood-spec-1957-les-paul-standard-gloss,5499.0,Brand New,,,Les Paul Standard,Goldtop,,8.87,1.6875,0.9,1.01,'50s Chunky D,,,2 Custom Buckers wound to Wildwood Spec,True,,,2026-07-30,2026-08-09
g126,es_335,53.5,ACTIVE,Reverb – Vintage Emporium,https://reverb.com/item/89690825-esp-navigator-custom-semi-hollow-electric-guitar-w-hard-case,1999.99,Good (4/5; professionally repaired headstock crack),"Plainview, NY (Long Island)",,ESP Navigator Custom Semi-Hollow (top-tier ESP Japan line; exact model/year unidentified),,,7.5,1.66,,,Not stated (seller: 'amazing neck feel'),,,Stock ESP humbuckers (implied),Hardshell case,Headstock crack professionally repaired,dealer measured,2026-07-25,2026-08-09
g351,es_335,53.2,ACTIVE,Reverb – Corner Music,https://reverb.com/item/90930545-gibson-marcus-king-es-345-2025-sixties-cherry,3999,Brand New,"Nashville, TN",2025,ES-345 (Marcus King signature),Sixties Cherry,,7.875,1.694,,,"Rounded C, Mahogany",,,Gibson Custombuckers (PAF-style alnico) - neck & bridge,True,None - new instrument,,2026-08-09,2026-08-09
g116,es_335,53.0,ACTIVE,Reverb – Mojo City Guitars,https://reverb.com/item/99528256-1975-gibson-es-335td-walnut,4250,Very Good,"Long Island City, NY (Queens)",1975,Gibson ES-335TD,Walnut,,,,,,,,,Lollar El Rayo in bridge (original included in case); original neck pickup,True,Lollar bridge pickup installed (original included); fingerboard wear at first few frets; otherwise original,unstated,2026-07-23,2026-08-09
g084,les_paul,52.9,ACTIVE,Reverb – Tone House Studios,https://reverb.com/item/99190914-2012-edwards-e-lp-112ce-les-paul-custom-black-mij-w-gigbag-duncan-pickups,1699.99,Very Good,"West Babylon, NY (Long Island)",2012,Edwards (ESP) E-LP-112CE Les Paul Custom style (MIJ),Black,ED1217361,8.0,1.74,0.941,1.01,Fuller carve (0.941 first fret),,,"Seymour Duncan SH-1N '59 (neck) / SH-4 JB (bridge), factory-fitted",Gigbag,Minor cosmetic wear + stickers; factory-stock Duncans,dealer measured,2026-07-20,2026-08-09
g332,les_paul,52.9,ACTIVE,DIABLO GUITARS - AXES OF EVIL!,https://reverb.com/item/97034942-gibson-custom-shop-1958-les-paul-standard-reissue-murphy-lab-ultra-light-aged-cherry-burst-2024-w-ohsc,5499.99,Excellent,"Renton, WA",2024,"Gibson Custom Shop 1958 Les Paul Standard Reissue (R8), Murphy Lab Ultra Light Aged",Cherry Sunburst (Murphy Lab Ultra Light Aged),841258,8.71,1.655,0.922,1.008,1958 Chunky C,,,Gibson Alnico II Custombuckers (neck + bridge),Original hardshell case + COA + original case candy,"none - light nicks/dings on lower edges, back and headstock sides",,2026-08-09,2026-08-09
g117,es_335,52.5,ACTIVE,Reverb – Southside Guitars,https://reverb.com/item/94377439-gibson-es-335-1980-sunburst,4850,Very Good,"Brooklyn, NY",1980,Gibson ES-335TD,Sunburst,,,,,,,,,Original 1980 Gibson humbuckers,True,"Knobs and bridge replaced; finish original; unusual factory stop tailpiece, no coil-tap switch",unstated,2026-07-23,2026-08-09
g359,es_335,52.5,ACTIVE,Reverb – Southside Guitars,https://reverb.com/item/98594838-gibson-es-345-1968-sunburst,8450,Excellent,"Brooklyn, NY",1968,ES-345TD,Sunburst,,,,,,,,,"Not stated - a 1968 ES-345 would carry patent-number humbuckers, the PREFERRED type; confirm",True,"All original except the toggle switch. Small dings, dents, finish checking, small finish blemish on top by neck pickup. No breaks or repairs.",,2026-08-09,2026-08-09
g050,es_335,52.0,ACTIVE,Willcutt Guitars,https://willcuttguitars.com/products/gibson-58-es-335-reissue-tobacco-burst-murphy-lab-heavy-aged-nh-200-58es335psl21802-a840200,7999,New,"Lexington, KY",,"Gibson Custom Shop 1958 ES-335 Reissue, Murphy Lab Heavy Aged (130th Anniversary limited, 1 of 130)",Tobacco Burst,A840200,7.75,1.687,,,'58 Unbound Fat C-Shape,Big '58 rounded shoulders - well outside slim target; reported for ideal weight,"12""",Custombuckers (unpotted),Brown Lifton hardshell with pink lining + COA,,dealer measured,2026-07-19,2026-08-09
g283,es_335,52.0,ACTIVE,Lovies Guitars ,https://reverb.com/item/94094879-unplayed-gibson-custom-shop-murphy-lab-61-es-335-historic-reissue-ultra-light-aged-cherry-coa-ohsc,5695.0,Excellent,"Thousand Oaks, CA",2022,Custom Shop Murphy Lab '61 ES-335 Reissue Ultra Light Aged,Murphy Lab Light Aged Cherry Red,121617,7.6,1.6875,,,Authentic '61,,,Custombucker (stock),OHSC + COA,,,2026-07-30,2026-08-09
g119,les_paul,51.9,PRICE DROP,Reverb – Andrew's Gear Depot (private seller),https://reverb.com/item/99645608,1075.0,Very Good (significant scoring/scratches on back; minimal fret wear),"Wantage, NJ (seller offers NYC-metro demo meetups)",1989,"Greco EG-1000D Les Paul style (top-line Greco EG, MIJ golden era)",Flamed Cherry Sunburst,,9.28,,,,,,,DiMarzio 36th Anniversary PAF set (originals gone before seller acquired),Gibson gig bag only,Pickups replaced (DiMarzio 36th Anniversary PAFs),dealer measured,2026-07-23,2026-08-09
g219,les_paul,51.9,ACTIVE,Breaze Guitars,https://reverb.com/item/97325525-2024-gibson-les-paul-1960-reissue-historic-makeover-standard-lemonburst-aged,7826.0,Excellent,,2024,Les Paul 1960 Reissue,Lemonburst,,7.75,,,,,,,OX4,True,,,2026-07-30,2026-08-09
g081,les_paul,51.8,ACTIVE,Rivington Guitars,https://reverb.com/item/96874843-1978-greco-eg-450-les-paul-sunburst-flame-top-w-bigsby,1195,"Used - very clean, all original","New York, NY (East Village)",1978,Greco EG-450 Les Paul style (Fujigen MIJ),Sunburst flame top,,,,,,,,,Original Greco humbuckers,Hard case (non-original),"None stated - all original, factory Bigsby",unstated,2026-07-20,2026-08-09
g142,les_paul,51.8,ACTIVE,Rivington Guitars,https://rivingtonguitars.com/products/1975-gibson-les-paul-deluxe-w-humbuckers-natural,3999.0,,,1975,Les Paul Deluxe,Natural,,,,,,,,,,True,,,2026-07-30,2026-08-09
g144,les_paul,51.8,ACTIVE,Rivington Guitars,https://rivingtonguitars.com/products/1976-gibson-les-paul-standard-cherry-sunburst-w-original-hardshell-case,3795.0,,,1976,Les Paul Standard (Norlin),Cherry Sunburst,,,,,,,,,,,,,2026-07-30,2026-08-09
g145,les_paul,51.8,ACTIVE,Rivington Guitars,https://rivingtonguitars.com/products/1977-gibson-les-paul-deluxe-cherry-sunburst,3999.0,,,1977,Les Paul Deluxe,Cherry Sunburst,,,,,,,,,,,,,2026-07-30,2026-08-09
g164,es_335,51.8,ACTIVE,Southside Guitars,https://southsideguitars.com/products/1978-Gibson-ES-335-Sunburst-p626246972,4250,,,1978,ES-335 (Norlin),Sunburst,,,,,,,,,,True,,,2026-07-30,2026-08-09
g356,es_335,51.8,ACTIVE,Reverb – Southside Guitars,https://reverb.com/item/99708762-gibson-es-345-1973-walnut,4250,Good,"Brooklyn, NY",1973,ES-345,Walnut,,,,,,,,,Original patent-sticker (patent-number) humbuckers - PREFERRED type,True,"Converted from trapeze tailpiece to stop bar; bridge and tuners replaced; refretted. Original finish, no breaks or repairs.",,2026-08-09,2026-08-09
g297,es_335,51.5,ACTIVE,Rivington Guitars,https://rivingtonguitars.com/products/2024-gibson-custom-shop-murphy-lab-58-re-issue-es-335-blonde-w-original-case-paperwork,7495,"Excellent+ (pre-owned, like new, hardly used)",,2024,Gibson Custom Shop 1958 ES-335 Murphy Lab Heavy Aged Ltd (limited run of 130),Dirty Blonde (Heavy Aged natural),,,1.6875,,,Very deep-profile round-backed '58 neck (NOT buyer's skinny carve),,,Stock Custom Shop humbuckers (unspecified in listing),True,None noted; all original with full CS paperwork and Murphy Lab COA,,2026-07-31,2026-08-09
g067,les_paul,51.2,EXCLUDED,Southside Guitars,https://southsideguitars.com/products/1969-Gibson-Les-Paul-Standard-Goldtop-p828031704,21950,"Very good vintage - honest play wear, checking, no breaks/repairs","Brooklyn, NY",1969,"Gibson Les Paul Standard Goldtop (1-piece body, 3-piece neck, no volute, '68-dated pots, 2nd stamp)",Goldtop,,9.06,,,,,,,Original P-90s,Original case,"Caps changed to bumble-bees, non-original jack plate; otherwise original",dealer measured,2026-07-19,2026-07-19
g301,es_335,51.2,ACTIVE,"Guitar Effects Pedals Nashville Showroom (Reverb: guitareffectspedals, preferred seller, 14.6k feedback)",https://reverb.com/item/95979835-used-2021-gibson-custom-shop-wildwood-spec-64-es-335-in-viking-red-excellent-condition-with-ohsc,5699.0,Excellent,"Nashville, TN",2021,Gibson Custom Shop Wildwood Spec '64 ES-335,Viking Red,,7.6875,1.6875,,,'64 profile (Wildwood Spec; not detailed in listing),,,Custombuckers (standard Wildwood Spec '64 spec; not explicitly stated in listing),True,None noted; original hard case and paperwork included,,2026-07-31,2026-08-09
g146,les_paul,51.2,ACTIVE,Rivington Guitars,https://rivingtonguitars.com/products/1973-gibson-les-paul-custom-sunburst,4999.0,,,1973,Les Paul Custom (Norlin),Sunburst,,,,,,,,,,True,,,2026-07-30,2026-08-09
g147,les_paul,51.2,ACTIVE,Rivington Guitars,https://rivingtonguitars.com/products/1980-gibson-heritage-80-les-paul-standard-flamed-maple-sunburst,5495.0,,,1980,Les Paul Heritage Series Standard-80,Flamed Maple Sunburst,,,,,,,,,,,,,2026-07-30,2026-08-09
g148,les_paul,51.2,ACTIVE,Rudy's Music,https://rudysmusic.com/products/les-paul-standard-60s-figured-top-iced-tea,2799.0,,,,Les Paul Standard '60s Figured Top,Iced Tea,,,,,,,,,,True,,,2026-07-30,2026-08-09
g149,les_paul,51.2,ACTIVE,Rudy's Music,https://rudysmusic.com/products/les-paul-standard-60s-figured-top-unburst,2799.0,,,,Les Paul Standard '60s Figured Top,Unburst,,,,,,,,,,True,,,2026-07-30,2026-08-09
g151,les_paul,51.2,ACTIVE,Rudy's Music,https://rudysmusic.com/products/1960-les-paul-standard-reissue-vos-iced-tea-burst,6699.0,,,,Custom Shop 1960 Les Paul Standard Reissue (R0) VOS,Iced Tea Burst,,,,,,,,,,,,,2026-07-30,2026-08-09
g153,les_paul,51.2,ACTIVE,Rudy's Music,https://rudysmusic.com/products/1958-les-paul-standard-reissue-vos-bourbon-burst,5299.0,,,,Custom Shop 1958 Les Paul Standard Reissue VOS,Bourbon Burst,,,,,,,,,,,,,2026-07-30,2026-08-09
g155,les_paul,51.2,ACTIVE,Rudy's Music,https://rudysmusic.com/products/gibson-cs-used-2025-59-les-paul-9_5741-w-ohsc,4995.0,,,2025,Custom Shop 1959 Les Paul Reissue VOS (used),Cherry Sunburst,9 5741,,,,,,,,,True,,,2026-07-30,2026-08-09
g156,les_paul,51.2,ACTIVE,Rudy's Music,https://rudysmusic.com/products/gibson-used-2025-58-les-paul-ebony-ultra-light-aged,5495.0,,,2025,Custom Shop 1958 Les Paul Reissue Ultra Light Aged (used),Ebony,85636,,,,,,,,,True,,,2026-07-30,2026-08-09
g158,es_335,51.2,ACTIVE,Rudy's Music,https://rudysmusic.com/products/u-gibson-1979-es-335-pro-sunburst-72189017-w-ohsc,4695.0,,,1979,ES-335 Pro (Norlin),Sunburst,72189017,,,,,,,,,True,,,2026-07-30,2026-08-09
g159,es_335,51.2,ACTIVE,Rudy's Music,https://rudysmusic.com/products/u-gibson-2019-es-335-dot-made-in-memphis-black-sparkle-10058731-w-ohsc,3499.0,,,2019,ES-335 Dot (Memphis),Black Sparkle,10058731,,,,,,,,,True,,,2026-07-30,2026-08-09
g165,es_335,51.2,ACTIVE,Southside Guitars,https://southsideguitars.com/products/1980-Gibson-ES-335-Sunburst-p791738402,4850,,,1980,ES-335 (Norlin),Sunburst,,,,,,,,,,True,,,2026-07-30,2026-08-09
g355,es_335,51.2,ACTIVE,Reverb – Southside Guitars,https://reverb.com/item/94316740-gibson-es-340-1970-blond-natural,5850,Very Good,"Brooklyn, NY",1970,ES-340,Blond Maple / Natural,,,,,,,,,Original patent-number (patent sticker) humbuckers - PREFERRED type,True,"Wiring converted from factory ES-340 blend circuit to standard ES-335 spec; pots replaced during conversion. Refretted. Original finish, no structural damage.",,2026-08-09,2026-08-09
g186,les_paul,50.7,ACTIVE,6strings4sale,https://reverb.com/item/97994456-2025-gibson-custom-shop-psl-59-les-paul-reissue-lpr9-ice-tea-no-pickguard,5990.0,Excellent,,2025,Custom Shop '59 Les Paul Standard Reissue,Royal Tea Burst VOS,,8.69,,0.89,0.98,,,,,,,,2026-07-30,2026-08-09
g218,les_paul,50.2,ACTIVE,Ryan Fowler's Guitar Experience,https://reverb.com/item/97630903-2015-gibson-custom-shop-1959-les-paul-7-84lbs-wildwood-spec-featherweight-edition-w-ohsc,5729.0,Excellent,,2015,Les Paul,Wildwood,,7.84,,,,,,,,True,,,2026-07-30,2026-08-09
g143,es_335,50.2,ACTIVE,Rivington Guitars,https://rivingtonguitars.com/products/2009-gibson-es-335-cherry-red,3695.0,,,2009,ES-335 (Memphis),Cherry Red,,,,,,,,,,True,,,2026-07-30,2026-08-09
g354,es_335,50.2,ACTIVE,Rudy's Music,https://rudysmusic.com/products/gibson-1980-es-347td-cherry-sunburst,5795,"Used / vintage, stated 100% original","New York, NY (Manhattan)",1980,ES-347TD,Cherry Sunburst,82180024,,,,,,,,"Gibson Dirty Fingers - HOT CERAMIC, approx 15k, NOT PAF-style",True,None stated - 100% original; dealer includes a vintage spec sheet detailing repairs/changes,,2026-08-09,2026-08-09
g237,les_paul,50.1,ACTIVE,Wildwood Guitars,https://reverb.com/item/90524359-gibson-custom-shop-wildwood-spec-1956-les-paul-standard-gloss,6699.0,Brand New,,,Les Paul Standard,Ebony Sparkle Finish Type: Gloss,,8.05,1.6875,0.9,1.0,'50s Rounded,,,2 Custom P-90s w/Alnico III Magnets,True,,,2026-07-30,2026-08-09
g150,les_paul,49.6,ACTIVE,Rudy's Music,https://rudysmusic.com/products/1959-les-paul-standard-reissue-vos-iced-tea-burst,6699.0,,,,Custom Shop 1959 Les Paul Standard Reissue VOS,Iced Tea Burst,,,,,,,,,,,,,2026-07-30,2026-08-09
g152,les_paul,49.6,ACTIVE,Rudy's Music,https://rudysmusic.com/products/1959-les-paul-standard-reissue-vos-dirty-lemon,6699.0,,,,Custom Shop 1959 Les Paul Standard Reissue VOS,Dirty Lemon,,,,,,,,,,,,,2026-07-30,2026-08-09
g358,es_335,49.5,ACTIVE,Reverb – Southside Guitars,https://reverb.com/item/97878082-gibson-es-355-1978-wine-red,7250,Excellent,"Brooklyn, NY",1978,ES-355,Wine Red,,,,,,,,,"Original pickups (type not stated) - a 1978 ES-355 would carry T-Tops, the PREFERRED type; confirm",True,"Converted from stereo to MONO; pots replaced during conversion. Otherwise all original, very light play wear, no breaks or repairs.",,2026-08-09,2026-08-09
g323,es_335,49.0,SOLD,Thunder Road Guitars PDX,https://reverb.com/item/99988896-2024-gibson-custom-shop-es-335-58-reissue-faded-tobacco-burst-murphy-lab-heavy-aged-a840047,5439,Excellent,,2024,"Gibson Custom Shop 1958 ES-335 Reissue Murphy Lab Heavy Aged (130th Anniversary, 1 of 130)",Faded Tobacco Burst,A840047,7.875,1.6875,0.92,1.04,Big '58 rounded,,,Custombuckers,True,None; OHSC + COA,,2026-08-04,2026-08-04
g089,les_paul,49.0,SOLD,Reverb – Attila's Gear Garage (private seller),https://reverb.com/item/97450223-edwards-lp-2007-flamed-honey,800,Very Good,"Brooklyn, NY",2007,"Edwards (ESP) E-LP Les Paul style, tier unconfirmed (likely E-LP-92/98)",Flamed honey burst,,,,,,'50s neck (seller-stated),,,Not stated (2007 E-LP flame tops typically factory Duncan-loaded),,Missing truss rod cover; one small scratch,unstated,2026-07-20,2026-08-01
g357,es_335,48.0,ACTIVE,Reverb – Rivington Guitars,https://reverb.com/item/96874970-2016-gibson-custom-shop-es-345-1964-reissue-frost-blue-w-original-case-and-certificate,5495,Very Good,"New York, NY (Manhattan)",2016,ES-345 (Gibson Custom Shop '64 reissue),Frost Blue,,,,,,,,,"Original Gibson humbuckers, type not specified (2016 Custom/Memphis '64 ES-345 shipped with MHS PAF-style alnico) - confirm",True,None - stated completely original; includes original certificate and paperwork,,2026-08-09,2026-08-09
g234,les_paul,47.3,SOLD,Wildwood Guitars,https://reverb.com/item/90763384-gibson-custom-shop-wildwood-spec-1956-les-paul-standard-gloss,6699.0,Brand New,,,Les Paul Standard,Blue Sparkle Finish Type: Gloss,,7.91,1.6875,0.92,1.01,'50s Chunky D Profile,,,2 Custom P-90s w/Alnico III Magnets,True,,,2026-07-30,2026-08-01
g154,les_paul,46.8,ACTIVE,Rudy's Music,https://rudysmusic.com/products/1959-les-paul-standard-reissue-mismatched-botb-110-top-golden-poppy-burst-heavy-aged-nh,9799.0,,,,Custom Shop 1959 Les Paul BOTB #110 Heavy Aged,Golden Poppy Burst,,,,,,,,,,,,,2026-07-30,2026-08-09
g157,les_paul,46.8,ACTIVE,Rudy's Music,https://rudysmusic.com/products/68-les-paul-custom-olive-drab-top-ebony-back-heavy-aged-nh,8699.0,,,,Custom Shop '68 Les Paul Custom Heavy Aged,Olive Drab Top / Ebony Back,,,,,,,,,,True,,,2026-07-30,2026-08-09
g088,es_335,42.7,ACTIVE,Reverb – Pro Audio Star,https://reverb.com/item/71925846-used-ibanez-jsm100vt-john-scofield-signature-w-case-vintage-sunburst,2999.99,Used - Mint,"Brooklyn, NY",,Ibanez JSM100VT John Scofield Signature semi-hollow (Fujigen Prestige MIJ),Vintage Sunburst,,,1.653,,,"JSM set-in mahogany neck, compound-radius board",,Compound,Ibanez Super 58 (x2),Hardshell case,None stated,factory spec,2026-07-20,2026-08-09
g324,es_335,37.8,ACTIVE,Mike & Mike's Guitar Bar (Seattle),https://reverb.com/item/99992215-2024-gibson-custom-shop-1958-es-335-murphy-lab-heavy-aged-dirty-blonde-w-custombucker-pafs-tags-coa-case,5899.99,Mint,,2024,"Gibson Custom Shop 1958 ES-335 Reissue Murphy Lab Heavy Aged (130th Anniversary, 1 of 130)",Dirty Blonde,A-prefix (unpublished),8.0,1.6875,0.915,1.02,'58 Rounded C (baseball bat),,,Custombucker PAF x2,True,"None; Lifton case, COA, hangtags",,2026-08-04,2026-08-09
g317,les_paul,36.3,ACTIVE,Reverb private seller (the-guitar-czar),https://reverb.com/item/100063667-gibson-custom-shop-willcutt-cavern-collection-1959-les-paul-standard-vos-slow-iced-tea-fade-chambered-6-62-lbs,6999,Mint (3 weeks old),,2026,Gibson Custom Shop Willcutt Cavern Collection 1959 Les Paul Standard VOS (chambered),Slow Iced Tea Fade (aka Green Lemon Fade),,6.62,,,,R9 Carmelita,,,Willcutt-spec Cloudbuckers (underwound PAF-style),True,"None; as-new with COA, papers",,2026-08-04,2026-08-09
g204,es_335,35.2,ACTIVE,ProAudioStar,https://reverb.com/item/84120574-ibanez-jsm10emttb-john-scofield-signature-hollow-body-guitar-two-tone-burst,799.99,Brand New,,,JSM10EMTTB John Scofield Signature Hollow Body Guitar - Burst,,,,,,,,,,,,,,2026-07-30,2026-08-09
g205,es_335,35.0,ACTIVE,ProAudioStar,https://reverb.com/item/84861554-used-ibanez-jsm10emttb-john-scofield-sig-hollow-body-guitar-two-tone-burst,679.99,Mint,,,Used JSM10EMTTB John Scofield Signature Hollow Body Guitar Burst,,,,,,,,,,,,,,2026-07-30,2026-08-09
g110,les_paul,34.5,SOLD,"Reverb – private seller (Saint James, NY)",https://reverb.com/item/99336933-edwards-e-lp-98-ltc-2009-nitro,1300,Excellent (one small finish ding),"Saint James, NY (Long Island)",2009,"Edwards E-LP-98LTC (ESP Japan, upper-mid MIJ tier, nitro top)",Honeyburst (nitro),,,,,,,,,Seymour Duncan Distortions w/ coil-split installed; original SH-1 '59 / SH-4 JB included,Soft gig bag,Pickup swap + coil-split wiring (reversible; originals included),unstated,2026-07-22,2026-08-04
g135,les_paul,34.5,SOLD,Reverb – private seller (Record Cafe Label Publishing),https://reverb.com/item/99755599-edwards-les-paul-made-in-japan,1490,Excellent,"Patchogue, NY (Long Island)",,"Edwards (ESP Japan) Les Paul 'Limited Model' - LP Standard style, tier TBD",,,,,,,,,,"Seller: 'Humbuckers Gibson 59s' - ambiguous (Duncan '59s or Burstbuckers?), verify",True,Unknown - pickups possibly swapped,unstated,2026-07-27,2026-08-01
g098,les_paul,33.5,ACTIVE,Reverb – SattarGuitar (private seller),https://reverb.com/item/94465014-fernandes-burny-super-grade-80s-black,949.99,Very Good,"Dix Hills, NY (Long Island)",1985,"Burny (Fernandes) Super Grade Les Paul style - RLG series, tier unconfirmed",Black,,,,,,,,,"Original Burny VH-1 humbuckers, original wiring",True,"HEADSTOCK REPAIR (two splines, described solid/stable); frets leveled/crowned; Gotoh tuners/bridge (stock status unclear)",unstated,2026-07-21,2026-08-09
g203,les_paul,33.5,PRICE DROP,Corey's Gear Outlet,https://reverb.com/item/96346600-greco-les-paul-standard-1970-tobacco,1200.0,Very Good,,1970,Les Paul standard,Tobacco,,,,,,,,,,,,,2026-07-30,2026-08-09
g168,es_335,33.0,ACTIVE,Harry's Gear Emporium,https://reverb.com/item/92662996-gibson-61-es-335-reissue-2020-present-vos-sixties-cherry,3783.0,Very Good,,2020 - Present,'61 ES-335 Reissue,VOS Sixties Cherry,,,,,,,,,,,,,2026-07-30,2026-08-09
g170,les_paul,33.0,ACTIVE,ProAudioStar,https://reverb.com/item/97583753-used-gibson-2022-les-paul-standard-60s-unburst,2439.99,Very Good,,2022,Les Paul Standard '60s,,,,,,,,,,,,,,2026-07-30,2026-08-09
g172,les_paul,31.8,ACTIVE,ProAudioStar,https://reverb.com/item/94932822-used-gibson-custom-shop-les-paul-1959-reissue-cme-spec-cherry-tea-burst-w-ohsc,5329.99,Good,,1959,Les Paul,,,,,,,,,,,True,,,2026-07-30,2026-08-09
g175,les_paul,31.8,SOLD,ProAudioStar,https://reverb.com/item/92707223-used-gibson-custom-shop-59-les-paul-standard-reissue-vos-green-lemon-fade,4879.99,Good,,1959,Custom Shop '59 Les Paul Standard Reissue,,,,,,,,,,,True,,,2026-07-30,2026-08-04
g167,es_335,30.0,PRICE DROP,K Gear Bazaar,https://reverb.com/item/98249920-pre-owned-2024-gibson-custom-shop-murphy-lab-1961-es-335-heavy-aged-sixties-cherry,5800.0,Excellent,,2024,Murphy Lab 1961 ES-335 Heavy Aged - Sixties Cherry,,,,,,,,,,,,,,2026-07-30,2026-08-09
g173,les_paul,27.2,ACTIVE,Rob's Gear Garage,https://reverb.com/item/94434443-gibson-les-paul-custom-1976-77-white,9500.0,Good,,1976-77,Les Paul Custom,White,,,,,,,,,,,,,2026-07-30,2026-08-09
g176,les_paul,27.2,ACTIVE,ProAudioStar,https://reverb.com/item/90905732-used-gibson-2015-custom-shop-60-les-paul-reissue-r0-dark-burst,4449.99,Good,,2015,Les Paul,,,,,,,,,,,,,,2026-07-30,2026-08-09
